model,exp,layer,step,norm_entropy,projE_r128,vec_norm
qwen3-4b,singlev_layers24-35_lr1e-3,24,1,0.9761,0.05711,0.0506
qwen3-4b,singlev_layers24-35_lr1e-3,25,1,0.977,0.04834,0.0506
qwen3-4b,singlev_layers24-35_lr1e-3,26,1,0.97687,0.05571,0.0506
qwen3-4b,singlev_layers24-35_lr1e-3,27,1,0.97656,0.06306,0.0506
qwen3-4b,singlev_layers24-35_lr1e-3,28,1,0.97714,0.05584,0.0506
qwen3-4b,singlev_layers24-35_lr1e-3,29,1,0.97741,0.0583,0.0505
qwen3-4b,singlev_layers24-35_lr1e-3,30,1,0.97805,0.06826,0.0505
qwen3-4b,singlev_layers24-35_lr1e-3,31,1,0.97785,0.07093,0.0505
qwen3-4b,singlev_layers24-35_lr1e-3,32,1,0.9785,0.05693,0.0505
qwen3-4b,singlev_layers24-35_lr1e-3,33,1,0.97813,0.05615,0.0505
qwen3-4b,singlev_layers24-35_lr1e-3,34,1,0.9797,0.04549,0.0505
qwen3-4b,singlev_layers24-35_lr1e-3,24,2,0.96152,0.05864,0.0983
qwen3-4b,singlev_layers24-35_lr1e-3,25,2,0.96337,0.04863,0.098
qwen3-4b,singlev_layers24-35_lr1e-3,26,2,0.96279,0.05854,0.0978
qwen3-4b,singlev_layers24-35_lr1e-3,27,2,0.96262,0.06322,0.0984
qwen3-4b,singlev_layers24-35_lr1e-3,28,2,0.96336,0.05863,0.0984
qwen3-4b,singlev_layers24-35_lr1e-3,29,2,0.96385,0.0612,0.0987
qwen3-4b,singlev_layers24-35_lr1e-3,30,2,0.96508,0.07026,0.0984
qwen3-4b,singlev_layers24-35_lr1e-3,31,2,0.96453,0.07065,0.0985
qwen3-4b,singlev_layers24-35_lr1e-3,32,2,0.96574,0.05934,0.0985
qwen3-4b,singlev_layers24-35_lr1e-3,33,2,0.96351,0.05548,0.0986
qwen3-4b,singlev_layers24-35_lr1e-3,34,2,0.96798,0.04597,0.098
qwen3-4b,singlev_layers24-35_lr1e-3,24,3,0.95626,0.05882,0.1459
qwen3-4b,singlev_layers24-35_lr1e-3,25,3,0.95851,0.04889,0.145
qwen3-4b,singlev_layers24-35_lr1e-3,26,3,0.95771,0.05995,0.1448
qwen3-4b,singlev_layers24-35_lr1e-3,27,3,0.95769,0.06311,0.1458
qwen3-4b,singlev_layers24-35_lr1e-3,28,3,0.95848,0.05908,0.1458
qwen3-4b,singlev_layers24-35_lr1e-3,29,3,0.9592,0.06203,0.1463
qwen3-4b,singlev_layers24-35_lr1e-3,30,3,0.96047,0.07078,0.1459
qwen3-4b,singlev_layers24-35_lr1e-3,31,3,0.95984,0.07041,0.1464
qwen3-4b,singlev_layers24-35_lr1e-3,32,3,0.96127,0.06016,0.1462
qwen3-4b,singlev_layers24-35_lr1e-3,33,3,0.95771,0.05507,0.1461
qwen3-4b,singlev_layers24-35_lr1e-3,34,3,0.96385,0.04586,0.145
qwen3-4b,singlev_layers24-35_lr1e-3,24,4,0.95401,0.05871,0.1932
qwen3-4b,singlev_layers24-35_lr1e-3,25,4,0.95637,0.04904,0.1918
qwen3-4b,singlev_layers24-35_lr1e-3,26,4,0.95555,0.06034,0.1916
qwen3-4b,singlev_layers24-35_lr1e-3,27,4,0.9556,0.06311,0.193
qwen3-4b,singlev_layers24-35_lr1e-3,28,4,0.95644,0.05923,0.1929
qwen3-4b,singlev_layers24-35_lr1e-3,29,4,0.95722,0.06263,0.1938
qwen3-4b,singlev_layers24-35_lr1e-3,30,4,0.95846,0.07125,0.1932
qwen3-4b,singlev_layers24-35_lr1e-3,31,4,0.95781,0.07054,0.194
qwen3-4b,singlev_layers24-35_lr1e-3,32,4,0.95934,0.06083,0.1939
qwen3-4b,singlev_layers24-35_lr1e-3,33,4,0.95523,0.05469,0.1936
qwen3-4b,singlev_layers24-35_lr1e-3,34,4,0.96208,0.04588,0.1919
qwen3-4b,singlev_layers24-35_lr1e-3,24,5,0.95288,0.05872,0.2402
qwen3-4b,singlev_layers24-35_lr1e-3,25,5,0.95526,0.04938,0.2381
qwen3-4b,singlev_layers24-35_lr1e-3,26,5,0.9545,0.06063,0.2379
qwen3-4b,singlev_layers24-35_lr1e-3,27,5,0.95453,0.06326,0.2398
qwen3-4b,singlev_layers24-35_lr1e-3,28,5,0.95537,0.05947,0.2397
qwen3-4b,singlev_layers24-35_lr1e-3,29,5,0.95618,0.06328,0.2407
qwen3-4b,singlev_layers24-35_lr1e-3,30,5,0.95741,0.07173,0.2402
qwen3-4b,singlev_layers24-35_lr1e-3,31,5,0.95674,0.07086,0.2412
qwen3-4b,singlev_layers24-35_lr1e-3,32,5,0.95831,0.06131,0.241
qwen3-4b,singlev_layers24-35_lr1e-3,33,5,0.9536,0.0548,0.2406
qwen3-4b,singlev_layers24-35_lr1e-3,34,5,0.96111,0.04603,0.2383
qwen3-4b,singlev_layers24-35_lr1e-3,24,6,0.95221,0.05869,0.2866
qwen3-4b,singlev_layers24-35_lr1e-3,25,6,0.95459,0.04944,0.2838
qwen3-4b,singlev_layers24-35_lr1e-3,26,6,0.95388,0.0608,0.2838
qwen3-4b,singlev_layers24-35_lr1e-3,27,6,0.95389,0.06344,0.286
qwen3-4b,singlev_layers24-35_lr1e-3,28,6,0.95473,0.05976,0.2859
qwen3-4b,singlev_layers24-35_lr1e-3,29,6,0.95555,0.06354,0.2871
qwen3-4b,singlev_layers24-35_lr1e-3,30,6,0.95675,0.07195,0.2864
qwen3-4b,singlev_layers24-35_lr1e-3,31,6,0.95608,0.07127,0.2877
qwen3-4b,singlev_layers24-35_lr1e-3,32,6,0.95767,0.06173,0.2874
qwen3-4b,singlev_layers24-35_lr1e-3,33,6,0.95265,0.055,0.2869
qwen3-4b,singlev_layers24-35_lr1e-3,34,6,0.96048,0.04636,0.2841
qwen3-4b,singlev_layers24-35_lr1e-3,24,7,0.95177,0.05875,0.3329
qwen3-4b,singlev_layers24-35_lr1e-3,25,7,0.95418,0.0496,0.3294
qwen3-4b,singlev_layers24-35_lr1e-3,26,7,0.95349,0.06093,0.3294
qwen3-4b,singlev_layers24-35_lr1e-3,27,7,0.95348,0.06356,0.3318
qwen3-4b,singlev_layers24-35_lr1e-3,28,7,0.9543,0.05995,0.3318
qwen3-4b,singlev_layers24-35_lr1e-3,29,7,0.95513,0.06371,0.3332
qwen3-4b,singlev_layers24-35_lr1e-3,30,7,0.95631,0.07217,0.3324
qwen3-4b,singlev_layers24-35_lr1e-3,31,7,0.95564,0.07173,0.3339
qwen3-4b,singlev_layers24-35_lr1e-3,32,7,0.95725,0.06214,0.3334
qwen3-4b,singlev_layers24-35_lr1e-3,33,7,0.95177,0.05536,0.333
qwen3-4b,singlev_layers24-35_lr1e-3,34,7,0.95999,0.04663,0.3297
qwen3-4b,singlev_layers24-35_lr1e-3,24,8,0.95146,0.05887,0.3792
qwen3-4b,singlev_layers24-35_lr1e-3,25,8,0.95389,0.04979,0.3749
qwen3-4b,singlev_layers24-35_lr1e-3,26,8,0.95323,0.06102,0.375
qwen3-4b,singlev_layers24-35_lr1e-3,27,8,0.95319,0.06361,0.3777
qwen3-4b,singlev_layers24-35_lr1e-3,28,8,0.95399,0.06024,0.3777
qwen3-4b,singlev_layers24-35_lr1e-3,29,8,0.95482,0.06397,0.3793
qwen3-4b,singlev_layers24-35_lr1e-3,30,8,0.95596,0.07241,0.3783
qwen3-4b,singlev_layers24-35_lr1e-3,31,8,0.95533,0.07208,0.38
qwen3-4b,singlev_layers24-35_lr1e-3,32,8,0.95698,0.0624,0.3795
qwen3-4b,singlev_layers24-35_lr1e-3,33,8,0.95114,0.05557,0.379
qwen3-4b,singlev_layers24-35_lr1e-3,34,8,0.9596,0.04701,0.3752
qwen3-4b,singlev_layers24-35_lr1e-3,24,9,0.95121,0.05902,0.425
qwen3-4b,singlev_layers24-35_lr1e-3,25,9,0.95367,0.05,0.42
qwen3-4b,singlev_layers24-35_lr1e-3,26,9,0.95303,0.0611,0.4202
qwen3-4b,singlev_layers24-35_lr1e-3,27,9,0.95297,0.0638,0.4229
qwen3-4b,singlev_layers24-35_lr1e-3,28,9,0.95377,0.06052,0.423
qwen3-4b,singlev_layers24-35_lr1e-3,29,9,0.95458,0.06429,0.4247
qwen3-4b,singlev_layers24-35_lr1e-3,30,9,0.95571,0.07258,0.4236
qwen3-4b,singlev_layers24-35_lr1e-3,31,9,0.95512,0.07253,0.4255
qwen3-4b,singlev_layers24-35_lr1e-3,32,9,0.95677,0.06273,0.4248
qwen3-4b,singlev_layers24-35_lr1e-3,33,9,0.95078,0.0558,0.4243
qwen3-4b,singlev_layers24-35_lr1e-3,34,9,0.95922,0.04741,0.4201
qwen3-4b,singlev_layers24-35_lr1e-3,24,10,0.95102,0.0591,0.4706
qwen3-4b,singlev_layers24-35_lr1e-3,25,10,0.95348,0.05018,0.4648
qwen3-4b,singlev_layers24-35_lr1e-3,26,10,0.95287,0.06115,0.4651
qwen3-4b,singlev_layers24-35_lr1e-3,27,10,0.95279,0.06395,0.4677
qwen3-4b,singlev_layers24-35_lr1e-3,28,10,0.95359,0.0608,0.468
qwen3-4b,singlev_layers24-35_lr1e-3,29,10,0.95438,0.0646,0.4697
qwen3-4b,singlev_layers24-35_lr1e-3,30,10,0.9555,0.0727,0.4686
qwen3-4b,singlev_layers24-35_lr1e-3,31,10,0.95496,0.07296,0.4706
qwen3-4b,singlev_layers24-35_lr1e-3,32,10,0.95658,0.06316,0.4698
qwen3-4b,singlev_layers24-35_lr1e-3,33,10,0.95045,0.05608,0.4693
qwen3-4b,singlev_layers24-35_lr1e-3,34,10,0.95882,0.04779,0.4647
qwen3-4b,singlev_layers24-35_lr1e-3,24,11,0.95086,0.05922,0.5159
qwen3-4b,singlev_layers24-35_lr1e-3,25,11,0.95335,0.0503,0.5094
qwen3-4b,singlev_layers24-35_lr1e-3,26,11,0.95274,0.06122,0.5099
qwen3-4b,singlev_layers24-35_lr1e-3,27,11,0.95264,0.06418,0.5123
qwen3-4b,singlev_layers24-35_lr1e-3,28,11,0.95343,0.06105,0.5127
qwen3-4b,singlev_layers24-35_lr1e-3,29,11,0.95421,0.0649,0.5146
qwen3-4b,singlev_layers24-35_lr1e-3,30,11,0.9553,0.07277,0.5133
qwen3-4b,singlev_layers24-35_lr1e-3,31,11,0.95482,0.07343,0.5153
qwen3-4b,singlev_layers24-35_lr1e-3,32,11,0.95644,0.06359,0.5145
qwen3-4b,singlev_layers24-35_lr1e-3,33,11,0.95016,0.05635,0.514
qwen3-4b,singlev_layers24-35_lr1e-3,34,11,0.95844,0.04813,0.5089
qwen3-4b,singlev_layers24-35_lr1e-3,24,12,0.95073,0.05936,0.561
qwen3-4b,singlev_layers24-35_lr1e-3,25,12,0.95323,0.0504,0.5537
qwen3-4b,singlev_layers24-35_lr1e-3,26,12,0.95263,0.06127,0.5543
qwen3-4b,singlev_layers24-35_lr1e-3,27,12,0.95251,0.06442,0.5565
qwen3-4b,singlev_layers24-35_lr1e-3,28,12,0.9533,0.06128,0.5571
qwen3-4b,singlev_layers24-35_lr1e-3,29,12,0.95407,0.06523,0.5591
qwen3-4b,singlev_layers24-35_lr1e-3,30,12,0.95513,0.0728,0.5576
qwen3-4b,singlev_layers24-35_lr1e-3,31,12,0.9547,0.07384,0.5596
qwen3-4b,singlev_layers24-35_lr1e-3,32,12,0.95631,0.06393,0.5586
qwen3-4b,singlev_layers24-35_lr1e-3,33,12,0.94987,0.05662,0.5582
qwen3-4b,singlev_layers24-35_lr1e-3,34,12,0.95807,0.04844,0.5528
qwen3-4b,singlev_layers24-35_lr1e-3,24,13,0.95061,0.05948,0.6058
qwen3-4b,singlev_layers24-35_lr1e-3,25,13,0.95313,0.05048,0.5979
qwen3-4b,singlev_layers24-35_lr1e-3,26,13,0.95255,0.06129,0.5985
qwen3-4b,singlev_layers24-35_lr1e-3,27,13,0.9524,0.06463,0.6004
qwen3-4b,singlev_layers24-35_lr1e-3,28,13,0.95317,0.06148,0.6013
qwen3-4b,singlev_layers24-35_lr1e-3,29,13,0.95393,0.06553,0.6034
qwen3-4b,singlev_layers24-35_lr1e-3,30,13,0.95496,0.07284,0.6016
qwen3-4b,singlev_layers24-35_lr1e-3,31,13,0.95458,0.07421,0.6036
qwen3-4b,singlev_layers24-35_lr1e-3,32,13,0.95619,0.06425,0.6026
qwen3-4b,singlev_layers24-35_lr1e-3,33,13,0.94963,0.05683,0.6022
qwen3-4b,singlev_layers24-35_lr1e-3,34,13,0.95772,0.04874,0.5964
qwen3-4b,singlev_layers24-35_lr1e-3,24,14,0.95052,0.05954,0.6503
qwen3-4b,singlev_layers24-35_lr1e-3,25,14,0.95304,0.0505,0.6418
qwen3-4b,singlev_layers24-35_lr1e-3,26,14,0.95245,0.06134,0.6424
qwen3-4b,singlev_layers24-35_lr1e-3,27,14,0.95228,0.06478,0.6439
qwen3-4b,singlev_layers24-35_lr1e-3,28,14,0.95306,0.06164,0.6452
qwen3-4b,singlev_layers24-35_lr1e-3,29,14,0.9538,0.06582,0.6473
qwen3-4b,singlev_layers24-35_lr1e-3,30,14,0.9548,0.07288,0.6451
qwen3-4b,singlev_layers24-35_lr1e-3,31,14,0.95445,0.07463,0.6471
qwen3-4b,singlev_layers24-35_lr1e-3,32,14,0.95608,0.06455,0.6461
qwen3-4b,singlev_layers24-35_lr1e-3,33,14,0.94937,0.05708,0.6458
qwen3-4b,singlev_layers24-35_lr1e-3,34,14,0.95734,0.04905,0.6397
qwen3-4b,singlev_layers24-35_lr1e-3,24,15,0.95043,0.05957,0.6943
qwen3-4b,singlev_layers24-35_lr1e-3,25,15,0.95294,0.05051,0.6853
qwen3-4b,singlev_layers24-35_lr1e-3,26,15,0.95236,0.06141,0.6857
qwen3-4b,singlev_layers24-35_lr1e-3,27,15,0.95216,0.06498,0.6868
qwen3-4b,singlev_layers24-35_lr1e-3,28,15,0.95294,0.0618,0.6884
qwen3-4b,singlev_layers24-35_lr1e-3,29,15,0.95367,0.06614,0.6906
qwen3-4b,singlev_layers24-35_lr1e-3,30,15,0.95462,0.07297,0.688
qwen3-4b,singlev_layers24-35_lr1e-3,31,15,0.95432,0.07506,0.6899
qwen3-4b,singlev_layers24-35_lr1e-3,32,15,0.95597,0.06492,0.6889
qwen3-4b,singlev_layers24-35_lr1e-3,33,15,0.94904,0.05738,0.6887
qwen3-4b,singlev_layers24-35_lr1e-3,34,15,0.95688,0.04936,0.6823
qwen3-4b,singlev_layers24-35_lr1e-3,24,16,0.95035,0.05961,0.7381
qwen3-4b,singlev_layers24-35_lr1e-3,25,16,0.95286,0.05054,0.7286
qwen3-4b,singlev_layers24-35_lr1e-3,26,16,0.95227,0.0615,0.7289
qwen3-4b,singlev_layers24-35_lr1e-3,27,16,0.95206,0.06521,0.7295
qwen3-4b,singlev_layers24-35_lr1e-3,28,16,0.95284,0.06201,0.7314
qwen3-4b,singlev_layers24-35_lr1e-3,29,16,0.95354,0.06647,0.7337
qwen3-4b,singlev_layers24-35_lr1e-3,30,16,0.95443,0.07307,0.7307
qwen3-4b,singlev_layers24-35_lr1e-3,31,16,0.95418,0.07549,0.7326
qwen3-4b,singlev_layers24-35_lr1e-3,32,16,0.95585,0.0653,0.7316
qwen3-4b,singlev_layers24-35_lr1e-3,33,16,0.94871,0.0577,0.7313
qwen3-4b,singlev_layers24-35_lr1e-3,34,16,0.9564,0.04967,0.7247
qwen3-4b,singlev_layers24-35_lr1e-3,24,17,0.95027,0.05966,0.7819
qwen3-4b,singlev_layers24-35_lr1e-3,25,17,0.95277,0.05057,0.7719
qwen3-4b,singlev_layers24-35_lr1e-3,26,17,0.95218,0.0616,0.772
qwen3-4b,singlev_layers24-35_lr1e-3,27,17,0.95195,0.06541,0.7722
qwen3-4b,singlev_layers24-35_lr1e-3,28,17,0.95274,0.06217,0.7744
qwen3-4b,singlev_layers24-35_lr1e-3,29,17,0.95342,0.06677,0.7768
qwen3-4b,singlev_layers24-35_lr1e-3,30,17,0.95426,0.07313,0.7733
qwen3-4b,singlev_layers24-35_lr1e-3,31,17,0.95407,0.07586,0.7752
qwen3-4b,singlev_layers24-35_lr1e-3,32,17,0.95575,0.06564,0.7741
qwen3-4b,singlev_layers24-35_lr1e-3,33,17,0.94848,0.05798,0.7739
qwen3-4b,singlev_layers24-35_lr1e-3,34,17,0.9559,0.05003,0.7671
qwen3-4b,singlev_layers24-35_lr1e-3,24,18,0.9502,0.05972,0.8254
qwen3-4b,singlev_layers24-35_lr1e-3,25,18,0.95268,0.05062,0.815
qwen3-4b,singlev_layers24-35_lr1e-3,26,18,0.95209,0.06173,0.8147
qwen3-4b,singlev_layers24-35_lr1e-3,27,18,0.95183,0.06562,0.8144
qwen3-4b,singlev_layers24-35_lr1e-3,28,18,0.95263,0.06232,0.817
qwen3-4b,singlev_layers24-35_lr1e-3,29,18,0.95331,0.06704,0.8195
qwen3-4b,singlev_layers24-35_lr1e-3,30,18,0.95409,0.07317,0.8155
qwen3-4b,singlev_layers24-35_lr1e-3,31,18,0.95397,0.07622,0.8172
qwen3-4b,singlev_layers24-35_lr1e-3,32,18,0.95565,0.06598,0.8162
qwen3-4b,singlev_layers24-35_lr1e-3,33,18,0.94828,0.05823,0.816
qwen3-4b,singlev_layers24-35_lr1e-3,34,18,0.95534,0.05036,0.8091
qwen3-4b,singlev_layers24-35_lr1e-3,24,19,0.95012,0.05978,0.8682
qwen3-4b,singlev_layers24-35_lr1e-3,25,19,0.9526,0.05063,0.8575
qwen3-4b,singlev_layers24-35_lr1e-3,26,19,0.95202,0.06187,0.8569
qwen3-4b,singlev_layers24-35_lr1e-3,27,19,0.95172,0.06582,0.856
qwen3-4b,singlev_layers24-35_lr1e-3,28,19,0.95254,0.06244,0.8588
qwen3-4b,singlev_layers24-35_lr1e-3,29,19,0.95319,0.06729,0.8614
qwen3-4b,singlev_layers24-35_lr1e-3,30,19,0.95391,0.07323,0.8569
qwen3-4b,singlev_layers24-35_lr1e-3,31,19,0.95386,0.07653,0.8585
qwen3-4b,singlev_layers24-35_lr1e-3,32,19,0.95553,0.0663,0.8576
qwen3-4b,singlev_layers24-35_lr1e-3,33,19,0.94804,0.05848,0.8573
qwen3-4b,singlev_layers24-35_lr1e-3,34,19,0.95473,0.05071,0.8504
qwen3-4b,singlev_layers24-35_lr1e-3,24,20,0.95005,0.0598,0.9106
qwen3-4b,singlev_layers24-35_lr1e-3,25,20,0.95252,0.05068,0.8997
qwen3-4b,singlev_layers24-35_lr1e-3,26,20,0.95194,0.06199,0.8986
qwen3-4b,singlev_layers24-35_lr1e-3,27,20,0.95159,0.06597,0.897
qwen3-4b,singlev_layers24-35_lr1e-3,28,20,0.95244,0.06253,0.9002
qwen3-4b,singlev_layers24-35_lr1e-3,29,20,0.95308,0.06752,0.9029
qwen3-4b,singlev_layers24-35_lr1e-3,30,20,0.95374,0.07327,0.8978
qwen3-4b,singlev_layers24-35_lr1e-3,31,20,0.95376,0.07683,0.8992
qwen3-4b,singlev_layers24-35_lr1e-3,32,20,0.95542,0.06663,0.8983
qwen3-4b,singlev_layers24-35_lr1e-3,33,20,0.94787,0.05873,0.898
qwen3-4b,singlev_layers24-35_lr1e-3,34,20,0.95397,0.05112,0.8911
qwen3-4b,singlev_layers24-35_lr1e-3,24,21,0.94999,0.05982,0.9526
qwen3-4b,singlev_layers24-35_lr1e-3,25,21,0.95246,0.05074,0.9415
qwen3-4b,singlev_layers24-35_lr1e-3,26,21,0.95185,0.06215,0.94
qwen3-4b,singlev_layers24-35_lr1e-3,27,21,0.95146,0.06613,0.9376
qwen3-4b,singlev_layers24-35_lr1e-3,28,21,0.95235,0.06265,0.941
qwen3-4b,singlev_layers24-35_lr1e-3,29,21,0.95296,0.06775,0.9439
qwen3-4b,singlev_layers24-35_lr1e-3,30,21,0.95356,0.07332,0.9382
qwen3-4b,singlev_layers24-35_lr1e-3,31,21,0.95366,0.07713,0.9392
qwen3-4b,singlev_layers24-35_lr1e-3,32,21,0.9553,0.06696,0.9385
qwen3-4b,singlev_layers24-35_lr1e-3,33,21,0.94765,0.05898,0.9382
qwen3-4b,singlev_layers24-35_lr1e-3,34,21,0.95312,0.05152,0.9314
qwen3-4b,singlev_layers24-35_lr1e-3,24,22,0.94993,0.05987,0.9944
qwen3-4b,singlev_layers24-35_lr1e-3,25,22,0.95238,0.05078,0.983
qwen3-4b,singlev_layers24-35_lr1e-3,26,22,0.95177,0.06227,0.9811
qwen3-4b,singlev_layers24-35_lr1e-3,27,22,0.95132,0.06627,0.978
qwen3-4b,singlev_layers24-35_lr1e-3,28,22,0.95225,0.06272,0.9816
qwen3-4b,singlev_layers24-35_lr1e-3,29,22,0.95283,0.06798,0.9846
qwen3-4b,singlev_layers24-35_lr1e-3,30,22,0.95337,0.07337,0.9782
qwen3-4b,singlev_layers24-35_lr1e-3,31,22,0.95355,0.07743,0.979
qwen3-4b,singlev_layers24-35_lr1e-3,32,22,0.95518,0.0673,0.9784
qwen3-4b,singlev_layers24-35_lr1e-3,33,22,0.94742,0.05925,0.978
qwen3-4b,singlev_layers24-35_lr1e-3,34,22,0.95212,0.0519,0.9713
qwen3-4b,singlev_layers24-35_lr1e-3,24,23,0.94987,0.05992,1.0356
qwen3-4b,singlev_layers24-35_lr1e-3,25,23,0.95231,0.05083,1.0241
qwen3-4b,singlev_layers24-35_lr1e-3,26,23,0.95169,0.06236,1.0217
qwen3-4b,singlev_layers24-35_lr1e-3,27,23,0.95117,0.06639,1.0177
qwen3-4b,singlev_layers24-35_lr1e-3,28,23,0.95215,0.06277,1.0215
qwen3-4b,singlev_layers24-35_lr1e-3,29,23,0.9527,0.06818,1.0246
qwen3-4b,singlev_layers24-35_lr1e-3,30,23,0.95317,0.0734,1.0175
qwen3-4b,singlev_layers24-35_lr1e-3,31,23,0.95342,0.07769,1.018
qwen3-4b,singlev_layers24-35_lr1e-3,32,23,0.95503,0.06765,1.0176
qwen3-4b,singlev_layers24-35_lr1e-3,33,23,0.94715,0.0595,1.017
qwen3-4b,singlev_layers24-35_lr1e-3,34,23,0.95103,0.05232,1.0106
qwen3-4b,singlev_layers24-35_lr1e-3,24,24,0.94981,0.05995,1.0766
qwen3-4b,singlev_layers24-35_lr1e-3,25,24,0.95225,0.05089,1.065
qwen3-4b,singlev_layers24-35_lr1e-3,26,24,0.95159,0.06246,1.062
qwen3-4b,singlev_layers24-35_lr1e-3,27,24,0.951,0.06649,1.0572
qwen3-4b,singlev_layers24-35_lr1e-3,28,24,0.95205,0.06279,1.0612
qwen3-4b,singlev_layers24-35_lr1e-3,29,24,0.95257,0.06837,1.0644
qwen3-4b,singlev_layers24-35_lr1e-3,30,24,0.95297,0.07342,1.0565
qwen3-4b,singlev_layers24-35_lr1e-3,31,24,0.95331,0.07795,1.0566
qwen3-4b,singlev_layers24-35_lr1e-3,32,24,0.95488,0.06801,1.0564
qwen3-4b,singlev_layers24-35_lr1e-3,33,24,0.9469,0.05976,1.0557
qwen3-4b,singlev_layers24-35_lr1e-3,34,24,0.94974,0.05278,1.0496
qwen3-4b,singlev_layers24-35_lr1e-3,24,25,0.94975,0.05999,1.1175
qwen3-4b,singlev_layers24-35_lr1e-3,25,25,0.95218,0.05093,1.1057
qwen3-4b,singlev_layers24-35_lr1e-3,26,25,0.9515,0.06252,1.1022
qwen3-4b,singlev_layers24-35_lr1e-3,27,25,0.95082,0.06657,1.0965
qwen3-4b,singlev_layers24-35_lr1e-3,28,25,0.95195,0.0628,1.1006
qwen3-4b,singlev_layers24-35_lr1e-3,29,25,0.95242,0.06853,1.1039
qwen3-4b,singlev_layers24-35_lr1e-3,30,25,0.95275,0.07344,1.0952
qwen3-4b,singlev_layers24-35_lr1e-3,31,25,0.9532,0.0782,1.095
qwen3-4b,singlev_layers24-35_lr1e-3,32,25,0.95472,0.06834,1.0949
qwen3-4b,singlev_layers24-35_lr1e-3,33,25,0.94663,0.05998,1.094
qwen3-4b,singlev_layers24-35_lr1e-3,34,25,0.94827,0.05322,1.0883
qwen3-4b,singlev_layers24-35_lr1e-3,24,26,0.94969,0.06002,1.1581
qwen3-4b,singlev_layers24-35_lr1e-3,25,26,0.95211,0.05096,1.1461
qwen3-4b,singlev_layers24-35_lr1e-3,26,26,0.95141,0.06258,1.142
qwen3-4b,singlev_layers24-35_lr1e-3,27,26,0.95063,0.06665,1.1354
qwen3-4b,singlev_layers24-35_lr1e-3,28,26,0.95184,0.06282,1.1397
qwen3-4b,singlev_layers24-35_lr1e-3,29,26,0.95228,0.06869,1.1431
qwen3-4b,singlev_layers24-35_lr1e-3,30,26,0.95253,0.07344,1.1336
qwen3-4b,singlev_layers24-35_lr1e-3,31,26,0.95309,0.07845,1.133
qwen3-4b,singlev_layers24-35_lr1e-3,32,26,0.95456,0.06869,1.1331
qwen3-4b,singlev_layers24-35_lr1e-3,33,26,0.94635,0.0602,1.1319
qwen3-4b,singlev_layers24-35_lr1e-3,34,26,0.94661,0.05368,1.1267
qwen3-4b,singlev_layers24-35_lr1e-3,24,27,0.94964,0.06004,1.1982
qwen3-4b,singlev_layers24-35_lr1e-3,25,27,0.95204,0.05099,1.1862
qwen3-4b,singlev_layers24-35_lr1e-3,26,27,0.95132,0.06263,1.1815
qwen3-4b,singlev_layers24-35_lr1e-3,27,27,0.95043,0.06671,1.1739
qwen3-4b,singlev_layers24-35_lr1e-3,28,27,0.95173,0.06282,1.1784
qwen3-4b,singlev_layers24-35_lr1e-3,29,27,0.95213,0.06884,1.1819
qwen3-4b,singlev_layers24-35_lr1e-3,30,27,0.95229,0.07345,1.1714
qwen3-4b,singlev_layers24-35_lr1e-3,31,27,0.95298,0.0787,1.1704
qwen3-4b,singlev_layers24-35_lr1e-3,32,27,0.95438,0.06903,1.1707
qwen3-4b,singlev_layers24-35_lr1e-3,33,27,0.94607,0.06042,1.1693
qwen3-4b,singlev_layers24-35_lr1e-3,34,27,0.94474,0.05417,1.1647
qwen3-4b,singlev_layers24-35_lr1e-3,24,28,0.94957,0.06004,1.2381
qwen3-4b,singlev_layers24-35_lr1e-3,25,28,0.95196,0.05101,1.2261
qwen3-4b,singlev_layers24-35_lr1e-3,26,28,0.95123,0.06267,1.2207
qwen3-4b,singlev_layers24-35_lr1e-3,27,28,0.95023,0.06678,1.2121
qwen3-4b,singlev_layers24-35_lr1e-3,28,28,0.95162,0.06282,1.2167
qwen3-4b,singlev_layers24-35_lr1e-3,29,28,0.95197,0.06899,1.2203
qwen3-4b,singlev_layers24-35_lr1e-3,30,28,0.95204,0.07347,1.2089
qwen3-4b,singlev_layers24-35_lr1e-3,31,28,0.95286,0.07895,1.2074
qwen3-4b,singlev_layers24-35_lr1e-3,32,28,0.9542,0.06938,1.208
qwen3-4b,singlev_layers24-35_lr1e-3,33,28,0.94574,0.06066,1.2062
qwen3-4b,singlev_layers24-35_lr1e-3,34,28,0.94269,0.05466,1.2023
qwen3-4b,singlev_layers24-35_lr1e-3,24,29,0.94952,0.06006,1.2776
qwen3-4b,singlev_layers24-35_lr1e-3,25,29,0.9519,0.05104,1.2656
qwen3-4b,singlev_layers24-35_lr1e-3,26,29,0.95114,0.06273,1.2594
qwen3-4b,singlev_layers24-35_lr1e-3,27,29,0.95,0.06686,1.2499
qwen3-4b,singlev_layers24-35_lr1e-3,28,29,0.9515,0.06282,1.2546
qwen3-4b,singlev_layers24-35_lr1e-3,29,29,0.95181,0.06912,1.2583
qwen3-4b,singlev_layers24-35_lr1e-3,30,29,0.95176,0.07349,1.2459
qwen3-4b,singlev_layers24-35_lr1e-3,31,29,0.95273,0.07918,1.244
qwen3-4b,singlev_layers24-35_lr1e-3,32,29,0.954,0.06973,1.2447
qwen3-4b,singlev_layers24-35_lr1e-3,33,29,0.94538,0.06089,1.2427
qwen3-4b,singlev_layers24-35_lr1e-3,34,29,0.94039,0.05516,1.2395
qwen3-4b,singlev_layers24-35_lr1e-3,24,30,0.94946,0.06007,1.3168
qwen3-4b,singlev_layers24-35_lr1e-3,25,30,0.95183,0.05106,1.3048
qwen3-4b,singlev_layers24-35_lr1e-3,26,30,0.95104,0.06278,1.2978
qwen3-4b,singlev_layers24-35_lr1e-3,27,30,0.94977,0.06691,1.2873
qwen3-4b,singlev_layers24-35_lr1e-3,28,30,0.95139,0.0628,1.292
qwen3-4b,singlev_layers24-35_lr1e-3,29,30,0.95164,0.06923,1.2957
qwen3-4b,singlev_layers24-35_lr1e-3,30,30,0.95148,0.0735,1.2824
qwen3-4b,singlev_layers24-35_lr1e-3,31,30,0.95261,0.0794,1.28
qwen3-4b,singlev_layers24-35_lr1e-3,32,30,0.95378,0.07008,1.2809
qwen3-4b,singlev_layers24-35_lr1e-3,33,30,0.94501,0.06111,1.2786
qwen3-4b,singlev_layers24-35_lr1e-3,34,30,0.93789,0.05565,1.2763
qwen3-4b,singlev_layers24-35_lr1e-3,24,31,0.9494,0.06008,1.3556
qwen3-4b,singlev_layers24-35_lr1e-3,25,31,0.95177,0.05107,1.3437
qwen3-4b,singlev_layers24-35_lr1e-3,26,31,0.95094,0.06282,1.336
qwen3-4b,singlev_layers24-35_lr1e-3,27,31,0.94952,0.06696,1.3244
qwen3-4b,singlev_layers24-35_lr1e-3,28,31,0.95126,0.06277,1.329
qwen3-4b,singlev_layers24-35_lr1e-3,29,31,0.95147,0.06931,1.3328
qwen3-4b,singlev_layers24-35_lr1e-3,30,31,0.95118,0.07351,1.3184
qwen3-4b,singlev_layers24-35_lr1e-3,31,31,0.95249,0.07962,1.3155
qwen3-4b,singlev_layers24-35_lr1e-3,32,31,0.95355,0.07041,1.3167
qwen3-4b,singlev_layers24-35_lr1e-3,33,31,0.94457,0.06133,1.314
qwen3-4b,singlev_layers24-35_lr1e-3,34,31,0.93508,0.05614,1.3126
qwen3-4b,singlev_layers24-35_lr1e-3,24,32,0.94934,0.06008,1.3945
qwen3-4b,singlev_layers24-35_lr1e-3,25,32,0.9517,0.05109,1.3826
qwen3-4b,singlev_layers24-35_lr1e-3,26,32,0.95084,0.06287,1.3741
qwen3-4b,singlev_layers24-35_lr1e-3,27,32,0.94926,0.067,1.3614
qwen3-4b,singlev_layers24-35_lr1e-3,28,32,0.95114,0.06275,1.366
qwen3-4b,singlev_layers24-35_lr1e-3,29,32,0.95129,0.06938,1.3699
qwen3-4b,singlev_layers24-35_lr1e-3,30,32,0.95086,0.0735,1.3544
qwen3-4b,singlev_layers24-35_lr1e-3,31,32,0.95237,0.0798,1.351
qwen3-4b,singlev_layers24-35_lr1e-3,32,32,0.9533,0.07071,1.3525
qwen3-4b,singlev_layers24-35_lr1e-3,33,32,0.94409,0.0615,1.3494
qwen3-4b,singlev_layers24-35_lr1e-3,34,32,0.93188,0.0566,1.3489
qwen3-4b,singlev_layers24-35_lr1e-3,24,33,0.94929,0.06008,1.4331
qwen3-4b,singlev_layers24-35_lr1e-3,25,33,0.95163,0.05111,1.4212
qwen3-4b,singlev_layers24-35_lr1e-3,26,33,0.95074,0.06291,1.412
qwen3-4b,singlev_layers24-35_lr1e-3,27,33,0.94899,0.06705,1.3982
qwen3-4b,singlev_layers24-35_lr1e-3,28,33,0.95101,0.06273,1.4027
qwen3-4b,singlev_layers24-35_lr1e-3,29,33,0.95111,0.06947,1.4066
qwen3-4b,singlev_layers24-35_lr1e-3,30,33,0.95052,0.07351,1.3901
qwen3-4b,singlev_layers24-35_lr1e-3,31,33,0.95223,0.07998,1.3862
qwen3-4b,singlev_layers24-35_lr1e-3,32,33,0.95304,0.07102,1.3879
qwen3-4b,singlev_layers24-35_lr1e-3,33,33,0.94355,0.06171,1.3844
qwen3-4b,singlev_layers24-35_lr1e-3,34,33,0.92846,0.05706,1.385
qwen3-4b,singlev_layers24-35_lr1e-3,24,34,0.94924,0.06006,1.4715
qwen3-4b,singlev_layers24-35_lr1e-3,25,34,0.95158,0.05114,1.4596
qwen3-4b,singlev_layers24-35_lr1e-3,26,34,0.95064,0.06296,1.4496
qwen3-4b,singlev_layers24-35_lr1e-3,27,34,0.94871,0.06709,1.4347
qwen3-4b,singlev_layers24-35_lr1e-3,28,34,0.95089,0.06269,1.4391
qwen3-4b,singlev_layers24-35_lr1e-3,29,34,0.95091,0.06955,1.443
qwen3-4b,singlev_layers24-35_lr1e-3,30,34,0.95015,0.07351,1.4255
qwen3-4b,singlev_layers24-35_lr1e-3,31,34,0.95209,0.08015,1.421
qwen3-4b,singlev_layers24-35_lr1e-3,32,34,0.95275,0.07129,1.4229
qwen3-4b,singlev_layers24-35_lr1e-3,33,34,0.94293,0.06191,1.4191
qwen3-4b,singlev_layers24-35_lr1e-3,34,34,0.92457,0.05748,1.4207
qwen3-4b,singlev_layers24-35_lr1e-3,24,35,0.94918,0.06005,1.5096
qwen3-4b,singlev_layers24-35_lr1e-3,25,35,0.95151,0.05117,1.4978
qwen3-4b,singlev_layers24-35_lr1e-3,26,35,0.95053,0.06299,1.4871
qwen3-4b,singlev_layers24-35_lr1e-3,27,35,0.94841,0.06712,1.471
qwen3-4b,singlev_layers24-35_lr1e-3,28,35,0.95075,0.06267,1.4752
qwen3-4b,singlev_layers24-35_lr1e-3,29,35,0.9507,0.06962,1.4791
qwen3-4b,singlev_layers24-35_lr1e-3,30,35,0.94976,0.07352,1.4605
qwen3-4b,singlev_layers24-35_lr1e-3,31,35,0.95194,0.08034,1.4555
qwen3-4b,singlev_layers24-35_lr1e-3,32,35,0.95244,0.07158,1.4577
qwen3-4b,singlev_layers24-35_lr1e-3,33,35,0.94228,0.06213,1.4534
qwen3-4b,singlev_layers24-35_lr1e-3,34,35,0.92041,0.05791,1.4562
qwen3-4b,singlev_layers24-35_lr1e-3,24,36,0.94913,0.06004,1.5474
qwen3-4b,singlev_layers24-35_lr1e-3,25,36,0.95144,0.05119,1.5358
qwen3-4b,singlev_layers24-35_lr1e-3,26,36,0.95041,0.06301,1.5241
qwen3-4b,singlev_layers24-35_lr1e-3,27,36,0.9481,0.06713,1.5069
qwen3-4b,singlev_layers24-35_lr1e-3,28,36,0.95061,0.06264,1.5109
qwen3-4b,singlev_layers24-35_lr1e-3,29,36,0.95049,0.06968,1.5149
qwen3-4b,singlev_layers24-35_lr1e-3,30,36,0.94933,0.07353,1.4952
qwen3-4b,singlev_layers24-35_lr1e-3,31,36,0.95179,0.08052,1.4897
qwen3-4b,singlev_layers24-35_lr1e-3,32,36,0.95212,0.07185,1.4921
qwen3-4b,singlev_layers24-35_lr1e-3,33,36,0.94157,0.06235,1.4874
qwen3-4b,singlev_layers24-35_lr1e-3,34,36,0.91587,0.05834,1.4914
qwen3-4b,singlev_layers24-35_lr1e-3,24,37,0.94907,0.06002,1.585
qwen3-4b,singlev_layers24-35_lr1e-3,25,37,0.95137,0.05119,1.5735
qwen3-4b,singlev_layers24-35_lr1e-3,26,37,0.9503,0.06302,1.5609
qwen3-4b,singlev_layers24-35_lr1e-3,27,37,0.94778,0.06712,1.5426
qwen3-4b,singlev_layers24-35_lr1e-3,28,37,0.95046,0.0626,1.5464
qwen3-4b,singlev_layers24-35_lr1e-3,29,37,0.95026,0.06973,1.5504
qwen3-4b,singlev_layers24-35_lr1e-3,30,37,0.94888,0.07353,1.5296
qwen3-4b,singlev_layers24-35_lr1e-3,31,37,0.95163,0.08067,1.5235
qwen3-4b,singlev_layers24-35_lr1e-3,32,37,0.95177,0.0721,1.5261
qwen3-4b,singlev_layers24-35_lr1e-3,33,37,0.94078,0.06256,1.521
qwen3-4b,singlev_layers24-35_lr1e-3,34,37,0.91096,0.05878,1.5264
qwen3-4b,singlev_layers24-35_lr1e-3,24,38,0.94902,0.05999,1.6223
qwen3-4b,singlev_layers24-35_lr1e-3,25,38,0.9513,0.0512,1.6109
qwen3-4b,singlev_layers24-35_lr1e-3,26,38,0.95019,0.06302,1.5974
qwen3-4b,singlev_layers24-35_lr1e-3,27,38,0.94745,0.06712,1.578
qwen3-4b,singlev_layers24-35_lr1e-3,28,38,0.95031,0.06257,1.5815
qwen3-4b,singlev_layers24-35_lr1e-3,29,38,0.95004,0.06978,1.5855
qwen3-4b,singlev_layers24-35_lr1e-3,30,38,0.94841,0.07353,1.5636
qwen3-4b,singlev_layers24-35_lr1e-3,31,38,0.95147,0.08082,1.557
qwen3-4b,singlev_layers24-35_lr1e-3,32,38,0.95141,0.07233,1.5597
qwen3-4b,singlev_layers24-35_lr1e-3,33,38,0.93994,0.06276,1.5541
qwen3-4b,singlev_layers24-35_lr1e-3,34,38,0.90557,0.0592,1.5609
qwen3-4b,singlev_layers24-35_lr1e-3,24,39,0.94897,0.05995,1.6593
qwen3-4b,singlev_layers24-35_lr1e-3,25,39,0.95123,0.05121,1.648
qwen3-4b,singlev_layers24-35_lr1e-3,26,39,0.95007,0.06301,1.6337
qwen3-4b,singlev_layers24-35_lr1e-3,27,39,0.94708,0.0671,1.6132
qwen3-4b,singlev_layers24-35_lr1e-3,28,39,0.95015,0.06253,1.6164
qwen3-4b,singlev_layers24-35_lr1e-3,29,39,0.94979,0.06981,1.6204
qwen3-4b,singlev_layers24-35_lr1e-3,30,39,0.94788,0.07353,1.5974
qwen3-4b,singlev_layers24-35_lr1e-3,31,39,0.95131,0.08096,1.5902
qwen3-4b,singlev_layers24-35_lr1e-3,32,39,0.951,0.07257,1.593
qwen3-4b,singlev_layers24-35_lr1e-3,33,39,0.939,0.06296,1.5869
qwen3-4b,singlev_layers24-35_lr1e-3,34,39,0.89952,0.05964,1.5953
qwen3-4b,singlev_layers24-35_lr1e-3,24,40,0.94892,0.05992,1.6961
qwen3-4b,singlev_layers24-35_lr1e-3,25,40,0.95117,0.05123,1.6851
qwen3-4b,singlev_layers24-35_lr1e-3,26,40,0.94995,0.063,1.6698
qwen3-4b,singlev_layers24-35_lr1e-3,27,40,0.9467,0.06708,1.6483
qwen3-4b,singlev_layers24-35_lr1e-3,28,40,0.94998,0.0625,1.6511
qwen3-4b,singlev_layers24-35_lr1e-3,29,40,0.94954,0.06985,1.6551
qwen3-4b,singlev_layers24-35_lr1e-3,30,40,0.94734,0.07352,1.6309
qwen3-4b,singlev_layers24-35_lr1e-3,31,40,0.95113,0.0811,1.6232
qwen3-4b,singlev_layers24-35_lr1e-3,32,40,0.95057,0.07281,1.6261
qwen3-4b,singlev_layers24-35_lr1e-3,33,40,0.93803,0.06317,1.6194
qwen3-4b,singlev_layers24-35_lr1e-3,34,40,0.89309,0.06007,1.6295
qwen3-4b,singlev_layers24-35_lr1e-3,24,41,0.94887,0.05989,1.7329
qwen3-4b,singlev_layers24-35_lr1e-3,25,41,0.95109,0.05124,1.722
qwen3-4b,singlev_layers24-35_lr1e-3,26,41,0.94984,0.06299,1.7058
qwen3-4b,singlev_layers24-35_lr1e-3,27,41,0.9463,0.06706,1.6832
qwen3-4b,singlev_layers24-35_lr1e-3,28,41,0.94981,0.06247,1.6856
qwen3-4b,singlev_layers24-35_lr1e-3,29,41,0.94927,0.06988,1.6896
qwen3-4b,singlev_layers24-35_lr1e-3,30,41,0.94673,0.07351,1.6643
qwen3-4b,singlev_layers24-35_lr1e-3,31,41,0.95096,0.0812,1.656
qwen3-4b,singlev_layers24-35_lr1e-3,32,41,0.9501,0.07302,1.659
qwen3-4b,singlev_layers24-35_lr1e-3,33,41,0.93695,0.06336,1.6519
qwen3-4b,singlev_layers24-35_lr1e-3,34,41,0.88578,0.06049,1.6635
qwen3-4b,singlev_layers24-35_lr1e-3,24,42,0.94882,0.05987,1.7692
qwen3-4b,singlev_layers24-35_lr1e-3,25,42,0.95102,0.05125,1.7585
qwen3-4b,singlev_layers24-35_lr1e-3,26,42,0.94971,0.06298,1.7413
qwen3-4b,singlev_layers24-35_lr1e-3,27,42,0.94587,0.06704,1.7178
qwen3-4b,singlev_layers24-35_lr1e-3,28,42,0.94963,0.06244,1.7197
qwen3-4b,singlev_layers24-35_lr1e-3,29,42,0.94898,0.06992,1.7236
qwen3-4b,singlev_layers24-35_lr1e-3,30,42,0.94608,0.07348,1.6972
qwen3-4b,singlev_layers24-35_lr1e-3,31,42,0.95078,0.08129,1.6884
qwen3-4b,singlev_layers24-35_lr1e-3,32,42,0.94958,0.07323,1.6913
qwen3-4b,singlev_layers24-35_lr1e-3,33,42,0.93576,0.06355,1.6837
qwen3-4b,singlev_layers24-35_lr1e-3,34,42,0.87769,0.06089,1.6971
qwen3-4b,singlev_layers24-35_lr1e-3,24,43,0.94878,0.05982,1.8055
qwen3-4b,singlev_layers24-35_lr1e-3,25,43,0.95095,0.05124,1.7949
qwen3-4b,singlev_layers24-35_lr1e-3,26,43,0.94959,0.06296,1.7768
qwen3-4b,singlev_layers24-35_lr1e-3,27,43,0.9454,0.067,1.7522
qwen3-4b,singlev_layers24-35_lr1e-3,28,43,0.94944,0.0624,1.7536
qwen3-4b,singlev_layers24-35_lr1e-3,29,43,0.94868,0.06994,1.7575
qwen3-4b,singlev_layers24-35_lr1e-3,30,43,0.94537,0.07345,1.7301
qwen3-4b,singlev_layers24-35_lr1e-3,31,43,0.95061,0.08136,1.7206
qwen3-4b,singlev_layers24-35_lr1e-3,32,43,0.94902,0.0734,1.7234
qwen3-4b,singlev_layers24-35_lr1e-3,33,43,0.93442,0.06372,1.7154
qwen3-4b,singlev_layers24-35_lr1e-3,34,43,0.86866,0.06128,1.7306
qwen3-4b,singlev_layers24-35_lr1e-3,24,44,0.94872,0.05978,1.8415
qwen3-4b,singlev_layers24-35_lr1e-3,25,44,0.95087,0.05122,1.831
qwen3-4b,singlev_layers24-35_lr1e-3,26,44,0.94945,0.06291,1.812
qwen3-4b,singlev_layers24-35_lr1e-3,27,44,0.94492,0.06695,1.7864
qwen3-4b,singlev_layers24-35_lr1e-3,28,44,0.94924,0.06235,1.7872
qwen3-4b,singlev_layers24-35_lr1e-3,29,44,0.94836,0.06994,1.7912
qwen3-4b,singlev_layers24-35_lr1e-3,30,44,0.94461,0.07339,1.7626
qwen3-4b,singlev_layers24-35_lr1e-3,31,44,0.95044,0.08141,1.7524
qwen3-4b,singlev_layers24-35_lr1e-3,32,44,0.94842,0.07357,1.7553
qwen3-4b,singlev_layers24-35_lr1e-3,33,44,0.93301,0.06388,1.7468
qwen3-4b,singlev_layers24-35_lr1e-3,34,44,0.859,0.06166,1.7638
qwen3-4b,singlev_layers24-35_lr1e-3,24,45,0.94868,0.05973,1.8774
qwen3-4b,singlev_layers24-35_lr1e-3,25,45,0.95079,0.05121,1.8671
qwen3-4b,singlev_layers24-35_lr1e-3,26,45,0.94933,0.06286,1.8471
qwen3-4b,singlev_layers24-35_lr1e-3,27,45,0.94442,0.0669,1.8204
qwen3-4b,singlev_layers24-35_lr1e-3,28,45,0.94904,0.0623,1.8207
qwen3-4b,singlev_layers24-35_lr1e-3,29,45,0.94804,0.06994,1.8247
qwen3-4b,singlev_layers24-35_lr1e-3,30,45,0.94383,0.07332,1.795
qwen3-4b,singlev_layers24-35_lr1e-3,31,45,0.95026,0.08145,1.7842
qwen3-4b,singlev_layers24-35_lr1e-3,32,45,0.94779,0.07374,1.787
qwen3-4b,singlev_layers24-35_lr1e-3,33,45,0.93156,0.06405,1.778
qwen3-4b,singlev_layers24-35_lr1e-3,34,45,0.849,0.06202,1.7969
qwen3-4b,singlev_layers24-35_lr1e-3,24,46,0.94864,0.05967,1.9131
qwen3-4b,singlev_layers24-35_lr1e-3,25,46,0.95071,0.05118,1.903
qwen3-4b,singlev_layers24-35_lr1e-3,26,46,0.94921,0.06279,1.8821
qwen3-4b,singlev_layers24-35_lr1e-3,27,46,0.94392,0.06684,1.8543
qwen3-4b,singlev_layers24-35_lr1e-3,28,46,0.94884,0.06225,1.8541
qwen3-4b,singlev_layers24-35_lr1e-3,29,46,0.94773,0.06992,1.8581
qwen3-4b,singlev_layers24-35_lr1e-3,30,46,0.94301,0.07326,1.8274
qwen3-4b,singlev_layers24-35_lr1e-3,31,46,0.9501,0.08148,1.8158
qwen3-4b,singlev_layers24-35_lr1e-3,32,46,0.94715,0.07391,1.8186
qwen3-4b,singlev_layers24-35_lr1e-3,33,46,0.93005,0.06422,1.8091
qwen3-4b,singlev_layers24-35_lr1e-3,34,46,0.83875,0.06238,1.8299
qwen3-4b,singlev_layers24-35_lr1e-3,24,47,0.94861,0.05962,1.9487
qwen3-4b,singlev_layers24-35_lr1e-3,25,47,0.95063,0.05116,1.9388
qwen3-4b,singlev_layers24-35_lr1e-3,26,47,0.94908,0.06271,1.9169
qwen3-4b,singlev_layers24-35_lr1e-3,27,47,0.9434,0.06677,1.8882
qwen3-4b,singlev_layers24-35_lr1e-3,28,47,0.94863,0.06219,1.8872
qwen3-4b,singlev_layers24-35_lr1e-3,29,47,0.94739,0.06989,1.8914
qwen3-4b,singlev_layers24-35_lr1e-3,30,47,0.94215,0.0732,1.8595
qwen3-4b,singlev_layers24-35_lr1e-3,31,47,0.94994,0.0815,1.8472
qwen3-4b,singlev_layers24-35_lr1e-3,32,47,0.94647,0.07406,1.85
qwen3-4b,singlev_layers24-35_lr1e-3,33,47,0.92847,0.06438,1.84
qwen3-4b,singlev_layers24-35_lr1e-3,34,47,0.8282,0.06272,1.8628
qwen3-4b,singlev_layers24-35_lr1e-3,24,48,0.94857,0.05957,1.9842
qwen3-4b,singlev_layers24-35_lr1e-3,25,48,0.95055,0.05114,1.9744
qwen3-4b,singlev_layers24-35_lr1e-3,26,48,0.94895,0.06262,1.9517
qwen3-4b,singlev_layers24-35_lr1e-3,27,48,0.94287,0.06669,1.9219
qwen3-4b,singlev_layers24-35_lr1e-3,28,48,0.94842,0.06212,1.9202
qwen3-4b,singlev_layers24-35_lr1e-3,29,48,0.94707,0.06986,1.9245
qwen3-4b,singlev_layers24-35_lr1e-3,30,48,0.94126,0.07314,1.8916
qwen3-4b,singlev_layers24-35_lr1e-3,31,48,0.94976,0.08152,1.8785
qwen3-4b,singlev_layers24-35_lr1e-3,32,48,0.94578,0.07422,1.8812
qwen3-4b,singlev_layers24-35_lr1e-3,33,48,0.92682,0.06453,1.8708
qwen3-4b,singlev_layers24-35_lr1e-3,34,48,0.81754,0.06306,1.8956
qwen3-4b,singlev_layers24-35_lr1e-3,24,49,0.94853,0.05951,2.0194
qwen3-4b,singlev_layers24-35_lr1e-3,25,49,0.95047,0.05112,2.0097
qwen3-4b,singlev_layers24-35_lr1e-3,26,49,0.94883,0.06253,1.9861
qwen3-4b,singlev_layers24-35_lr1e-3,27,49,0.94232,0.06661,1.9553
qwen3-4b,singlev_layers24-35_lr1e-3,28,49,0.94821,0.06205,1.9529
qwen3-4b,singlev_layers24-35_lr1e-3,29,49,0.94673,0.06982,1.9572
qwen3-4b,singlev_layers24-35_lr1e-3,30,49,0.94034,0.07308,1.9233
qwen3-4b,singlev_layers24-35_lr1e-3,31,49,0.9496,0.08154,1.9096
qwen3-4b,singlev_layers24-35_lr1e-3,32,49,0.94505,0.07436,1.9121
qwen3-4b,singlev_layers24-35_lr1e-3,33,49,0.92503,0.06467,1.9012
qwen3-4b,singlev_layers24-35_lr1e-3,34,49,0.80629,0.06338,1.928
qwen3-4b,singlev_layers24-35_lr1e-3,24,50,0.94848,0.05946,2.0544
qwen3-4b,singlev_layers24-35_lr1e-3,25,50,0.95039,0.0511,2.0449
qwen3-4b,singlev_layers24-35_lr1e-3,26,50,0.9487,0.06243,2.0204
qwen3-4b,singlev_layers24-35_lr1e-3,27,50,0.94177,0.06651,1.9886
qwen3-4b,singlev_layers24-35_lr1e-3,28,50,0.94799,0.06198,1.9854
qwen3-4b,singlev_layers24-35_lr1e-3,29,50,0.94638,0.06977,1.9898
qwen3-4b,singlev_layers24-35_lr1e-3,30,50,0.93937,0.07302,1.9548
qwen3-4b,singlev_layers24-35_lr1e-3,31,50,0.94943,0.08154,1.9404
qwen3-4b,singlev_layers24-35_lr1e-3,32,50,0.94428,0.07449,1.9428
qwen3-4b,singlev_layers24-35_lr1e-3,33,50,0.92313,0.0648,1.9315
qwen3-4b,singlev_layers24-35_lr1e-3,34,50,0.79486,0.06369,1.9603
qwen3-4b,singlev_layers24-35_lr1e-3,24,51,0.94844,0.0594,2.0892
qwen3-4b,singlev_layers24-35_lr1e-3,25,51,0.9503,0.05108,2.0797
qwen3-4b,singlev_layers24-35_lr1e-3,26,51,0.94856,0.06233,2.0544
qwen3-4b,singlev_layers24-35_lr1e-3,27,51,0.94113,0.06642,2.0216
qwen3-4b,singlev_layers24-35_lr1e-3,28,51,0.94775,0.06191,2.0176
qwen3-4b,singlev_layers24-35_lr1e-3,29,51,0.94599,0.06972,2.0221
qwen3-4b,singlev_layers24-35_lr1e-3,30,51,0.93828,0.07295,1.986
qwen3-4b,singlev_layers24-35_lr1e-3,31,51,0.94924,0.08154,1.9709
qwen3-4b,singlev_layers24-35_lr1e-3,32,51,0.94343,0.07462,1.9731
qwen3-4b,singlev_layers24-35_lr1e-3,33,51,0.92101,0.06492,1.9614
qwen3-4b,singlev_layers24-35_lr1e-3,34,51,0.78247,0.06398,1.9922
qwen3-4b,singlev_layers24-35_lr1e-3,24,52,0.9484,0.05934,2.1238
qwen3-4b,singlev_layers24-35_lr1e-3,25,52,0.95021,0.05106,2.1144
qwen3-4b,singlev_layers24-35_lr1e-3,26,52,0.94841,0.06222,2.0881
qwen3-4b,singlev_layers24-35_lr1e-3,27,52,0.94049,0.06632,2.0543
qwen3-4b,singlev_layers24-35_lr1e-3,28,52,0.9475,0.06186,2.0496
qwen3-4b,singlev_layers24-35_lr1e-3,29,52,0.9456,0.06967,2.0541
qwen3-4b,singlev_layers24-35_lr1e-3,30,52,0.93716,0.07288,2.017
qwen3-4b,singlev_layers24-35_lr1e-3,31,52,0.94906,0.08153,2.0012
qwen3-4b,singlev_layers24-35_lr1e-3,32,52,0.94257,0.07475,2.0033
qwen3-4b,singlev_layers24-35_lr1e-3,33,52,0.91883,0.06504,1.9911
qwen3-4b,singlev_layers24-35_lr1e-3,34,52,0.77024,0.06426,2.0239
qwen3-4b,singlev_layers24-35_lr1e-3,24,53,0.94836,0.05928,2.1581
qwen3-4b,singlev_layers24-35_lr1e-3,25,53,0.95012,0.05103,2.1488
qwen3-4b,singlev_layers24-35_lr1e-3,26,53,0.94826,0.0621,2.1216
qwen3-4b,singlev_layers24-35_lr1e-3,27,53,0.93983,0.06621,2.0868
qwen3-4b,singlev_layers24-35_lr1e-3,28,53,0.94725,0.06179,2.0814
qwen3-4b,singlev_layers24-35_lr1e-3,29,53,0.94519,0.06961,2.0858
qwen3-4b,singlev_layers24-35_lr1e-3,30,53,0.93596,0.07279,2.0477
qwen3-4b,singlev_layers24-35_lr1e-3,31,53,0.94888,0.08151,2.031
qwen3-4b,singlev_layers24-35_lr1e-3,32,53,0.94165,0.07486,2.0332
qwen3-4b,singlev_layers24-35_lr1e-3,33,53,0.9165,0.06514,2.0205
qwen3-4b,singlev_layers24-35_lr1e-3,34,53,0.7577,0.06456,2.0554
qwen3-4b,singlev_layers24-35_lr1e-3,24,54,0.94831,0.05921,2.1923
qwen3-4b,singlev_layers24-35_lr1e-3,25,54,0.95002,0.051,2.183
qwen3-4b,singlev_layers24-35_lr1e-3,26,54,0.94811,0.06198,2.1549
qwen3-4b,singlev_layers24-35_lr1e-3,27,54,0.93916,0.0661,2.1191
qwen3-4b,singlev_layers24-35_lr1e-3,28,54,0.94699,0.06173,2.1129
qwen3-4b,singlev_layers24-35_lr1e-3,29,54,0.94478,0.06956,2.1174
qwen3-4b,singlev_layers24-35_lr1e-3,30,54,0.93477,0.07272,2.0781
qwen3-4b,singlev_layers24-35_lr1e-3,31,54,0.94872,0.08149,2.0607
qwen3-4b,singlev_layers24-35_lr1e-3,32,54,0.94072,0.07497,2.0628
qwen3-4b,singlev_layers24-35_lr1e-3,33,54,0.91414,0.06525,2.0497
qwen3-4b,singlev_layers24-35_lr1e-3,34,54,0.74534,0.06484,2.0866
qwen3-4b,singlev_layers24-35_lr1e-3,24,55,0.94827,0.05914,2.2263
qwen3-4b,singlev_layers24-35_lr1e-3,25,55,0.94993,0.05097,2.217
qwen3-4b,singlev_layers24-35_lr1e-3,26,55,0.94796,0.06186,2.1878
qwen3-4b,singlev_layers24-35_lr1e-3,27,55,0.93847,0.06599,2.151
qwen3-4b,singlev_layers24-35_lr1e-3,28,55,0.94673,0.06168,2.144
qwen3-4b,singlev_layers24-35_lr1e-3,29,55,0.94436,0.0695,2.1486
qwen3-4b,singlev_layers24-35_lr1e-3,30,55,0.93352,0.07264,2.1082
qwen3-4b,singlev_layers24-35_lr1e-3,31,55,0.94854,0.08146,2.0901
qwen3-4b,singlev_layers24-35_lr1e-3,32,55,0.93975,0.07507,2.0922
qwen3-4b,singlev_layers24-35_lr1e-3,33,55,0.91167,0.06535,2.0786
qwen3-4b,singlev_layers24-35_lr1e-3,34,55,0.73285,0.06511,2.1175
qwen3-4b,singlev_layers24-35_lr1e-3,24,56,0.94821,0.05907,2.26
qwen3-4b,singlev_layers24-35_lr1e-3,25,56,0.94983,0.05096,2.2506
qwen3-4b,singlev_layers24-35_lr1e-3,26,56,0.9478,0.06174,2.2204
qwen3-4b,singlev_layers24-35_lr1e-3,27,56,0.93773,0.06588,2.1827
qwen3-4b,singlev_layers24-35_lr1e-3,28,56,0.94645,0.06162,2.1749
qwen3-4b,singlev_layers24-35_lr1e-3,29,56,0.9439,0.06943,2.1795
qwen3-4b,singlev_layers24-35_lr1e-3,30,56,0.93216,0.07255,2.1381
qwen3-4b,singlev_layers24-35_lr1e-3,31,56,0.94836,0.08142,2.1192
qwen3-4b,singlev_layers24-35_lr1e-3,32,56,0.93871,0.07515,2.1213
qwen3-4b,singlev_layers24-35_lr1e-3,33,56,0.90903,0.06545,2.1071
qwen3-4b,singlev_layers24-35_lr1e-3,34,56,0.72002,0.06538,2.1482
qwen3-4b,singlev_layers24-35_lr1e-3,24,57,0.94817,0.05899,2.2935
qwen3-4b,singlev_layers24-35_lr1e-3,25,57,0.94973,0.05094,2.284
qwen3-4b,singlev_layers24-35_lr1e-3,26,57,0.94764,0.06161,2.2528
qwen3-4b,singlev_layers24-35_lr1e-3,27,57,0.93699,0.06575,2.2141
qwen3-4b,singlev_layers24-35_lr1e-3,28,57,0.94616,0.06155,2.2055
qwen3-4b,singlev_layers24-35_lr1e-3,29,57,0.94345,0.06934,2.2101
qwen3-4b,singlev_layers24-35_lr1e-3,30,57,0.93078,0.07245,2.1676
qwen3-4b,singlev_layers24-35_lr1e-3,31,57,0.94818,0.08137,2.148
qwen3-4b,singlev_layers24-35_lr1e-3,32,57,0.93764,0.07524,2.1501
qwen3-4b,singlev_layers24-35_lr1e-3,33,57,0.90628,0.06554,2.1354
qwen3-4b,singlev_layers24-35_lr1e-3,34,57,0.70737,0.06563,2.1786
qwen3-4b,singlev_layers24-35_lr1e-3,24,58,0.94812,0.05893,2.3268
qwen3-4b,singlev_layers24-35_lr1e-3,25,58,0.94963,0.05094,2.3171
qwen3-4b,singlev_layers24-35_lr1e-3,26,58,0.94747,0.06148,2.285
qwen3-4b,singlev_layers24-35_lr1e-3,27,58,0.93621,0.06563,2.2453
qwen3-4b,singlev_layers24-35_lr1e-3,28,58,0.94588,0.0615,2.2358
qwen3-4b,singlev_layers24-35_lr1e-3,29,58,0.94298,0.06928,2.2404
qwen3-4b,singlev_layers24-35_lr1e-3,30,58,0.9293,0.07237,2.1969
qwen3-4b,singlev_layers24-35_lr1e-3,31,58,0.94798,0.08133,2.1764
qwen3-4b,singlev_layers24-35_lr1e-3,32,58,0.9365,0.07533,2.1787
qwen3-4b,singlev_layers24-35_lr1e-3,33,58,0.90336,0.06563,2.1635
qwen3-4b,singlev_layers24-35_lr1e-3,34,58,0.69457,0.06588,2.2088
qwen3-4b,singlev_layers24-35_lr1e-3,24,59,0.94807,0.05886,2.3598
qwen3-4b,singlev_layers24-35_lr1e-3,25,59,0.94953,0.05094,2.35
qwen3-4b,singlev_layers24-35_lr1e-3,26,59,0.94731,0.06136,2.3169
qwen3-4b,singlev_layers24-35_lr1e-3,27,59,0.9354,0.0655,2.2762
qwen3-4b,singlev_layers24-35_lr1e-3,28,59,0.94559,0.06144,2.2659
qwen3-4b,singlev_layers24-35_lr1e-3,29,59,0.94249,0.0692,2.2704
qwen3-4b,singlev_layers24-35_lr1e-3,30,59,0.92774,0.07228,2.2259
qwen3-4b,singlev_layers24-35_lr1e-3,31,59,0.94779,0.08127,2.2047
qwen3-4b,singlev_layers24-35_lr1e-3,32,59,0.93532,0.0754,2.207
qwen3-4b,singlev_layers24-35_lr1e-3,33,59,0.90027,0.06571,2.1913
qwen3-4b,singlev_layers24-35_lr1e-3,34,59,0.68167,0.06612,2.2389
qwen3-4b,singlev_layers24-35_lr1e-3,24,60,0.94801,0.05879,2.3925
qwen3-4b,singlev_layers24-35_lr1e-3,25,60,0.94942,0.05093,2.3826
qwen3-4b,singlev_layers24-35_lr1e-3,26,60,0.94714,0.06123,2.3485
qwen3-4b,singlev_layers24-35_lr1e-3,27,60,0.93456,0.06537,2.3068
qwen3-4b,singlev_layers24-35_lr1e-3,28,60,0.94527,0.06139,2.2956
qwen3-4b,singlev_layers24-35_lr1e-3,29,60,0.94199,0.06913,2.3001
qwen3-4b,singlev_layers24-35_lr1e-3,30,60,0.92608,0.0722,2.2545
qwen3-4b,singlev_layers24-35_lr1e-3,31,60,0.94759,0.0812,2.2326
qwen3-4b,singlev_layers24-35_lr1e-3,32,60,0.93403,0.07547,2.2349
qwen3-4b,singlev_layers24-35_lr1e-3,33,60,0.89694,0.06578,2.2186
qwen3-4b,singlev_layers24-35_lr1e-3,34,60,0.66852,0.06635,2.2686
qwen3-4b,singlev_layers24-35_lr1e-3,24,61,0.94796,0.05871,2.425
qwen3-4b,singlev_layers24-35_lr1e-3,25,61,0.94931,0.05091,2.415
qwen3-4b,singlev_layers24-35_lr1e-3,26,61,0.94695,0.06109,2.3798
qwen3-4b,singlev_layers24-35_lr1e-3,27,61,0.93367,0.06524,2.3371
qwen3-4b,singlev_layers24-35_lr1e-3,28,61,0.94495,0.06133,2.3251
qwen3-4b,singlev_layers24-35_lr1e-3,29,61,0.94145,0.06904,2.3296
qwen3-4b,singlev_layers24-35_lr1e-3,30,61,0.92429,0.07211,2.2829
qwen3-4b,singlev_layers24-35_lr1e-3,31,61,0.94737,0.08112,2.2601
qwen3-4b,singlev_layers24-35_lr1e-3,32,61,0.93266,0.07552,2.2625
qwen3-4b,singlev_layers24-35_lr1e-3,33,61,0.89335,0.06583,2.2457
qwen3-4b,singlev_layers24-35_lr1e-3,34,61,0.65527,0.06655,2.298
qwen3-4b,singlev_layers24-35_lr1e-3,24,62,0.9479,0.05864,2.4572
qwen3-4b,singlev_layers24-35_lr1e-3,25,62,0.94921,0.05089,2.4471
qwen3-4b,singlev_layers24-35_lr1e-3,26,62,0.94677,0.06095,2.4109
qwen3-4b,singlev_layers24-35_lr1e-3,27,62,0.93278,0.06511,2.3671
qwen3-4b,singlev_layers24-35_lr1e-3,28,62,0.94464,0.06126,2.3543
qwen3-4b,singlev_layers24-35_lr1e-3,29,62,0.94092,0.06894,2.3588
qwen3-4b,singlev_layers24-35_lr1e-3,30,62,0.92251,0.07202,2.311
qwen3-4b,singlev_layers24-35_lr1e-3,31,62,0.94717,0.08102,2.2874
qwen3-4b,singlev_layers24-35_lr1e-3,32,62,0.93129,0.07556,2.2898
qwen3-4b,singlev_layers24-35_lr1e-3,33,62,0.88976,0.06588,2.2725
qwen3-4b,singlev_layers24-35_lr1e-3,34,62,0.64291,0.06675,2.3272
qwen3-4b,singlev_layers24-35_lr1e-3,24,63,0.94785,0.05857,2.4893
qwen3-4b,singlev_layers24-35_lr1e-3,25,63,0.9491,0.05087,2.4789
qwen3-4b,singlev_layers24-35_lr1e-3,26,63,0.94659,0.06081,2.4417
qwen3-4b,singlev_layers24-35_lr1e-3,27,63,0.93191,0.06497,2.3969
qwen3-4b,singlev_layers24-35_lr1e-3,28,63,0.94432,0.06119,2.3832
qwen3-4b,singlev_layers24-35_lr1e-3,29,63,0.94039,0.06884,2.3877
qwen3-4b,singlev_layers24-35_lr1e-3,30,63,0.9207,0.07192,2.3389
qwen3-4b,singlev_layers24-35_lr1e-3,31,63,0.94696,0.08091,2.3143
qwen3-4b,singlev_layers24-35_lr1e-3,32,63,0.92989,0.07558,2.3169
qwen3-4b,singlev_layers24-35_lr1e-3,33,63,0.88611,0.06591,2.2991
qwen3-4b,singlev_layers24-35_lr1e-3,34,63,0.63102,0.06693,2.3563
qwen3-4b,singlev_layers24-35_lr1e-3,24,64,0.9478,0.05849,2.5212
qwen3-4b,singlev_layers24-35_lr1e-3,25,64,0.94899,0.05085,2.5106
qwen3-4b,singlev_layers24-35_lr1e-3,26,64,0.9464,0.06066,2.4724
qwen3-4b,singlev_layers24-35_lr1e-3,27,64,0.93098,0.06484,2.4265
qwen3-4b,singlev_layers24-35_lr1e-3,28,64,0.94398,0.06113,2.4119
qwen3-4b,singlev_layers24-35_lr1e-3,29,64,0.93983,0.06873,2.4164
qwen3-4b,singlev_layers24-35_lr1e-3,30,64,0.91874,0.07181,2.3665
qwen3-4b,singlev_layers24-35_lr1e-3,31,64,0.94675,0.08081,2.3411
qwen3-4b,singlev_layers24-35_lr1e-3,32,64,0.92837,0.0756,2.3438
qwen3-4b,singlev_layers24-35_lr1e-3,33,64,0.88218,0.06595,2.3256
qwen3-4b,singlev_layers24-35_lr1e-3,34,64,0.61881,0.06711,2.3852
qwen3-4b,singlev_layers24-35_lr1e-3,24,65,0.94775,0.0584,2.5529
qwen3-4b,singlev_layers24-35_lr1e-3,25,65,0.94889,0.05083,2.5422
qwen3-4b,singlev_layers24-35_lr1e-3,26,65,0.94622,0.0605,2.5028
qwen3-4b,singlev_layers24-35_lr1e-3,27,65,0.93004,0.0647,2.4559
qwen3-4b,singlev_layers24-35_lr1e-3,28,65,0.94365,0.06104,2.4404
qwen3-4b,singlev_layers24-35_lr1e-3,29,65,0.93926,0.06862,2.4448
qwen3-4b,singlev_layers24-35_lr1e-3,30,65,0.91676,0.0717,2.394
qwen3-4b,singlev_layers24-35_lr1e-3,31,65,0.94654,0.0807,2.3677
qwen3-4b,singlev_layers24-35_lr1e-3,32,65,0.92685,0.07561,2.3704
qwen3-4b,singlev_layers24-35_lr1e-3,33,65,0.87826,0.06599,2.3518
qwen3-4b,singlev_layers24-35_lr1e-3,34,65,0.60721,0.0673,2.414
qwen3-4b,singlev_layers24-35_lr1e-3,24,66,0.94769,0.05831,2.5843
qwen3-4b,singlev_layers24-35_lr1e-3,25,66,0.94878,0.0508,2.5734
qwen3-4b,singlev_layers24-35_lr1e-3,26,66,0.94602,0.06032,2.5329
qwen3-4b,singlev_layers24-35_lr1e-3,27,66,0.92905,0.06453,2.4849
qwen3-4b,singlev_layers24-35_lr1e-3,28,66,0.94329,0.06096,2.4685
qwen3-4b,singlev_layers24-35_lr1e-3,29,66,0.93866,0.06851,2.4728
qwen3-4b,singlev_layers24-35_lr1e-3,30,66,0.91465,0.07159,2.4209
qwen3-4b,singlev_layers24-35_lr1e-3,31,66,0.94632,0.08059,2.3939
qwen3-4b,singlev_layers24-35_lr1e-3,32,66,0.92523,0.07562,2.3966
qwen3-4b,singlev_layers24-35_lr1e-3,33,66,0.8741,0.06603,2.3775
qwen3-4b,singlev_layers24-35_lr1e-3,34,66,0.59541,0.06748,2.4423
qwen3-4b,singlev_layers24-35_lr1e-3,24,67,0.94764,0.05822,2.6155
qwen3-4b,singlev_layers24-35_lr1e-3,25,67,0.94868,0.05076,2.6044
qwen3-4b,singlev_layers24-35_lr1e-3,26,67,0.94583,0.06014,2.5628
qwen3-4b,singlev_layers24-35_lr1e-3,27,67,0.92808,0.06437,2.5138
qwen3-4b,singlev_layers24-35_lr1e-3,28,67,0.94294,0.06087,2.4963
qwen3-4b,singlev_layers24-35_lr1e-3,29,67,0.93808,0.06839,2.5007
qwen3-4b,singlev_layers24-35_lr1e-3,30,67,0.91259,0.07147,2.4478
qwen3-4b,singlev_layers24-35_lr1e-3,31,67,0.94612,0.08047,2.4199
qwen3-4b,singlev_layers24-35_lr1e-3,32,67,0.92364,0.07563,2.4227
qwen3-4b,singlev_layers24-35_lr1e-3,33,67,0.87005,0.06608,2.4032
qwen3-4b,singlev_layers24-35_lr1e-3,34,67,0.58425,0.06766,2.4706
qwen3-4b,singlev_layers24-35_lr1e-3,24,68,0.94759,0.05813,2.6466
qwen3-4b,singlev_layers24-35_lr1e-3,25,68,0.94857,0.05072,2.6351
qwen3-4b,singlev_layers24-35_lr1e-3,26,68,0.94564,0.05996,2.5925
qwen3-4b,singlev_layers24-35_lr1e-3,27,68,0.92713,0.0642,2.5424
qwen3-4b,singlev_layers24-35_lr1e-3,28,68,0.94258,0.0608,2.5241
qwen3-4b,singlev_layers24-35_lr1e-3,29,68,0.93749,0.06829,2.5283
qwen3-4b,singlev_layers24-35_lr1e-3,30,68,0.91053,0.07136,2.4745
qwen3-4b,singlev_layers24-35_lr1e-3,31,68,0.94591,0.08036,2.4458
qwen3-4b,singlev_layers24-35_lr1e-3,32,68,0.92206,0.07565,2.4486
qwen3-4b,singlev_layers24-35_lr1e-3,33,68,0.86608,0.06614,2.4287
qwen3-4b,singlev_layers24-35_lr1e-3,34,68,0.57368,0.06783,2.4987
qwen3-4b,singlev_layers24-35_lr1e-3,24,69,0.94753,0.05804,2.6775
qwen3-4b,singlev_layers24-35_lr1e-3,25,69,0.94846,0.05069,2.6657
qwen3-4b,singlev_layers24-35_lr1e-3,26,69,0.94544,0.05978,2.622
qwen3-4b,singlev_layers24-35_lr1e-3,27,69,0.92617,0.06403,2.5709
qwen3-4b,singlev_layers24-35_lr1e-3,28,69,0.94221,0.06072,2.5515
qwen3-4b,singlev_layers24-35_lr1e-3,29,69,0.93688,0.06819,2.5556
qwen3-4b,singlev_layers24-35_lr1e-3,30,69,0.90836,0.07124,2.5008
qwen3-4b,singlev_layers24-35_lr1e-3,31,69,0.94571,0.08024,2.4712
qwen3-4b,singlev_layers24-35_lr1e-3,32,69,0.92037,0.07566,2.4742
qwen3-4b,singlev_layers24-35_lr1e-3,33,69,0.86194,0.06621,2.4539
qwen3-4b,singlev_layers24-35_lr1e-3,34,69,0.56306,0.068,2.5265
qwen3-4b,singlev_layers24-35_lr1e-3,24,70,0.94748,0.05795,2.7081
qwen3-4b,singlev_layers24-35_lr1e-3,25,70,0.94835,0.05066,2.6959
qwen3-4b,singlev_layers24-35_lr1e-3,26,70,0.94525,0.0596,2.6511
qwen3-4b,singlev_layers24-35_lr1e-3,27,70,0.92517,0.06384,2.5989
qwen3-4b,singlev_layers24-35_lr1e-3,28,70,0.94183,0.06064,2.5785
qwen3-4b,singlev_layers24-35_lr1e-3,29,70,0.93625,0.06809,2.5826
qwen3-4b,singlev_layers24-35_lr1e-3,30,70,0.90611,0.07111,2.5268
qwen3-4b,singlev_layers24-35_lr1e-3,31,70,0.94549,0.0801,2.4964
qwen3-4b,singlev_layers24-35_lr1e-3,32,70,0.91862,0.07565,2.4994
qwen3-4b,singlev_layers24-35_lr1e-3,33,70,0.85774,0.06626,2.4787
qwen3-4b,singlev_layers24-35_lr1e-3,34,70,0.55257,0.06814,2.554
qwen3-4b,singlev_layers24-35_lr1e-3,24,71,0.94743,0.05787,2.7385
qwen3-4b,singlev_layers24-35_lr1e-3,25,71,0.94824,0.05062,2.726
qwen3-4b,singlev_layers24-35_lr1e-3,26,71,0.94504,0.05942,2.68
qwen3-4b,singlev_layers24-35_lr1e-3,27,71,0.92414,0.06366,2.6267
qwen3-4b,singlev_layers24-35_lr1e-3,28,71,0.94144,0.06057,2.6054
qwen3-4b,singlev_layers24-35_lr1e-3,29,71,0.93561,0.06799,2.6094
qwen3-4b,singlev_layers24-35_lr1e-3,30,71,0.90379,0.07098,2.5526
qwen3-4b,singlev_layers24-35_lr1e-3,31,71,0.94527,0.07996,2.5213
qwen3-4b,singlev_layers24-35_lr1e-3,32,71,0.91681,0.07564,2.5245
qwen3-4b,singlev_layers24-35_lr1e-3,33,71,0.8534,0.06631,2.5035
qwen3-4b,singlev_layers24-35_lr1e-3,34,71,0.54209,0.06829,2.5812
qwen3-4b,singlev_layers24-35_lr1e-3,24,72,0.94736,0.05779,2.7686
qwen3-4b,singlev_layers24-35_lr1e-3,25,72,0.94812,0.05059,2.7557
qwen3-4b,singlev_layers24-35_lr1e-3,26,72,0.94484,0.05925,2.7086
qwen3-4b,singlev_layers24-35_lr1e-3,27,72,0.92314,0.06348,2.6542
qwen3-4b,singlev_layers24-35_lr1e-3,28,72,0.94106,0.0605,2.6319
qwen3-4b,singlev_layers24-35_lr1e-3,29,72,0.93498,0.06789,2.6359
qwen3-4b,singlev_layers24-35_lr1e-3,30,72,0.90152,0.07086,2.578
qwen3-4b,singlev_layers24-35_lr1e-3,31,72,0.94506,0.07983,2.546
qwen3-4b,singlev_layers24-35_lr1e-3,32,72,0.91504,0.07562,2.5492
qwen3-4b,singlev_layers24-35_lr1e-3,33,72,0.84918,0.06636,2.5279
qwen3-4b,singlev_layers24-35_lr1e-3,34,72,0.53204,0.06841,2.6081
qwen3-4b,singlev_layers24-35_lr1e-3,24,73,0.94731,0.0577,2.7986
qwen3-4b,singlev_layers24-35_lr1e-3,25,73,0.94801,0.05057,2.7852
qwen3-4b,singlev_layers24-35_lr1e-3,26,73,0.94464,0.05907,2.737
qwen3-4b,singlev_layers24-35_lr1e-3,27,73,0.92218,0.0633,2.6814
qwen3-4b,singlev_layers24-35_lr1e-3,28,73,0.9407,0.06043,2.6582
qwen3-4b,singlev_layers24-35_lr1e-3,29,73,0.93437,0.06779,2.6621
qwen3-4b,singlev_layers24-35_lr1e-3,30,73,0.89936,0.07073,2.6032
qwen3-4b,singlev_layers24-35_lr1e-3,31,73,0.94486,0.0797,2.5702
qwen3-4b,singlev_layers24-35_lr1e-3,32,73,0.91336,0.0756,2.5737
qwen3-4b,singlev_layers24-35_lr1e-3,33,73,0.84517,0.0664,2.552
qwen3-4b,singlev_layers24-35_lr1e-3,34,73,0.52251,0.06851,2.6347
qwen3-4b,singlev_layers24-35_lr1e-3,24,74,0.94725,0.05761,2.8283
qwen3-4b,singlev_layers24-35_lr1e-3,25,74,0.9479,0.05054,2.8143
qwen3-4b,singlev_layers24-35_lr1e-3,26,74,0.94445,0.0589,2.765
qwen3-4b,singlev_layers24-35_lr1e-3,27,74,0.92126,0.06311,2.7083
qwen3-4b,singlev_layers24-35_lr1e-3,28,74,0.94033,0.06037,2.6841
qwen3-4b,singlev_layers24-35_lr1e-3,29,74,0.93377,0.06769,2.6879
qwen3-4b,singlev_layers24-35_lr1e-3,30,74,0.89727,0.07061,2.628
qwen3-4b,singlev_layers24-35_lr1e-3,31,74,0.94467,0.07957,2.5942
qwen3-4b,singlev_layers24-35_lr1e-3,32,74,0.91166,0.07558,2.5976
qwen3-4b,singlev_layers24-35_lr1e-3,33,74,0.84119,0.06645,2.5757
qwen3-4b,singlev_layers24-35_lr1e-3,34,74,0.51291,0.06861,2.6609
qwen3-4b,singlev_layers24-35_lr1e-3,24,75,0.9472,0.05752,2.8577
qwen3-4b,singlev_layers24-35_lr1e-3,25,75,0.94779,0.05051,2.8432
qwen3-4b,singlev_layers24-35_lr1e-3,26,75,0.94427,0.05873,2.7927
qwen3-4b,singlev_layers24-35_lr1e-3,27,75,0.92034,0.06293,2.735
qwen3-4b,singlev_layers24-35_lr1e-3,28,75,0.93996,0.06031,2.7098
qwen3-4b,singlev_layers24-35_lr1e-3,29,75,0.93316,0.06759,2.7134
qwen3-4b,singlev_layers24-35_lr1e-3,30,75,0.89511,0.07049,2.6525
qwen3-4b,singlev_layers24-35_lr1e-3,31,75,0.94447,0.07945,2.6178
qwen3-4b,singlev_layers24-35_lr1e-3,32,75,0.90996,0.07556,2.6214
qwen3-4b,singlev_layers24-35_lr1e-3,33,75,0.83722,0.06649,2.5992
qwen3-4b,singlev_layers24-35_lr1e-3,34,75,0.50326,0.06871,2.6869
qwen3-4b,singlev_layers24-35_lr1e-3,24,76,0.94715,0.05743,2.8868
qwen3-4b,singlev_layers24-35_lr1e-3,25,76,0.94769,0.05049,2.8718
qwen3-4b,singlev_layers24-35_lr1e-3,26,76,0.94408,0.05856,2.8201
qwen3-4b,singlev_layers24-35_lr1e-3,27,76,0.91942,0.06275,2.7613
qwen3-4b,singlev_layers24-35_lr1e-3,28,76,0.93959,0.06024,2.735
qwen3-4b,singlev_layers24-35_lr1e-3,29,76,0.93254,0.0675,2.7386
qwen3-4b,singlev_layers24-35_lr1e-3,30,76,0.89289,0.07037,2.6766
qwen3-4b,singlev_layers24-35_lr1e-3,31,76,0.94427,0.07932,2.6411
qwen3-4b,singlev_layers24-35_lr1e-3,32,76,0.90821,0.07555,2.6449
qwen3-4b,singlev_layers24-35_lr1e-3,33,76,0.83318,0.06653,2.6224
qwen3-4b,singlev_layers24-35_lr1e-3,34,76,0.49359,0.06882,2.7125
qwen3-4b,singlev_layers24-35_lr1e-3,24,77,0.9471,0.05734,2.9159
qwen3-4b,singlev_layers24-35_lr1e-3,25,77,0.94759,0.05045,2.9002
qwen3-4b,singlev_layers24-35_lr1e-3,26,77,0.94391,0.05839,2.8475
qwen3-4b,singlev_layers24-35_lr1e-3,27,77,0.91862,0.06257,2.7874
qwen3-4b,singlev_layers24-35_lr1e-3,28,77,0.93925,0.06016,2.7602
qwen3-4b,singlev_layers24-35_lr1e-3,29,77,0.93199,0.0674,2.7637
qwen3-4b,singlev_layers24-35_lr1e-3,30,77,0.89093,0.07024,2.7006
qwen3-4b,singlev_layers24-35_lr1e-3,31,77,0.94409,0.07918,2.6641
qwen3-4b,singlev_layers24-35_lr1e-3,32,77,0.90664,0.07552,2.6681
qwen3-4b,singlev_layers24-35_lr1e-3,33,77,0.82959,0.06657,2.6454
qwen3-4b,singlev_layers24-35_lr1e-3,34,77,0.48422,0.06893,2.738
qwen3-4b,singlev_layers24-35_lr1e-3,24,78,0.94705,0.05724,2.9449
qwen3-4b,singlev_layers24-35_lr1e-3,25,78,0.94748,0.05042,2.9286
qwen3-4b,singlev_layers24-35_lr1e-3,26,78,0.94374,0.0582,2.8747
qwen3-4b,singlev_layers24-35_lr1e-3,27,78,0.91787,0.06238,2.8134
qwen3-4b,singlev_layers24-35_lr1e-3,28,78,0.93892,0.06009,2.7852
qwen3-4b,singlev_layers24-35_lr1e-3,29,78,0.93147,0.0673,2.7885
qwen3-4b,singlev_layers24-35_lr1e-3,30,78,0.88909,0.07012,2.7243
qwen3-4b,singlev_layers24-35_lr1e-3,31,78,0.94395,0.07905,2.687
qwen3-4b,singlev_layers24-35_lr1e-3,32,78,0.90519,0.0755,2.6911
qwen3-4b,singlev_layers24-35_lr1e-3,33,78,0.82636,0.06661,2.6681
qwen3-4b,singlev_layers24-35_lr1e-3,34,78,0.47511,0.06904,2.7632
qwen3-4b,singlev_layers24-35_lr1e-3,24,79,0.94701,0.05714,2.9735
qwen3-4b,singlev_layers24-35_lr1e-3,25,79,0.94739,0.05038,2.9565
qwen3-4b,singlev_layers24-35_lr1e-3,26,79,0.94358,0.05802,2.9015
qwen3-4b,singlev_layers24-35_lr1e-3,27,79,0.91722,0.0622,2.8389
qwen3-4b,singlev_layers24-35_lr1e-3,28,79,0.93862,0.06002,2.8098
qwen3-4b,singlev_layers24-35_lr1e-3,29,79,0.931,0.0672,2.813
qwen3-4b,singlev_layers24-35_lr1e-3,30,79,0.88745,0.07,2.7476
qwen3-4b,singlev_layers24-35_lr1e-3,31,79,0.94381,0.07891,2.7094
qwen3-4b,singlev_layers24-35_lr1e-3,32,79,0.90389,0.07547,2.7137
qwen3-4b,singlev_layers24-35_lr1e-3,33,79,0.82364,0.06664,2.6906
qwen3-4b,singlev_layers24-35_lr1e-3,34,79,0.4661,0.06914,2.7881
qwen3-4b,singlev_layers24-35_lr1e-3,24,80,0.94696,0.05704,3.002
qwen3-4b,singlev_layers24-35_lr1e-3,25,80,0.9473,0.05033,2.9843
qwen3-4b,singlev_layers24-35_lr1e-3,26,80,0.94344,0.05784,2.9282
qwen3-4b,singlev_layers24-35_lr1e-3,27,80,0.91672,0.06203,2.8642
qwen3-4b,singlev_layers24-35_lr1e-3,28,80,0.93835,0.05995,2.8342
qwen3-4b,singlev_layers24-35_lr1e-3,29,80,0.93061,0.06708,2.8372
qwen3-4b,singlev_layers24-35_lr1e-3,30,80,0.88614,0.06987,2.7706
qwen3-4b,singlev_layers24-35_lr1e-3,31,80,0.94369,0.07877,2.7316
qwen3-4b,singlev_layers24-35_lr1e-3,32,80,0.90287,0.07543,2.7361
qwen3-4b,singlev_layers24-35_lr1e-3,33,80,0.8216,0.06667,2.7127
qwen3-4b,singlev_layers24-35_lr1e-3,34,80,0.45746,0.06923,2.8127
qwen3-4b,singlev_layers24-35_lr1e-3,24,81,0.94691,0.05696,3.0303
qwen3-4b,singlev_layers24-35_lr1e-3,25,81,0.94721,0.0503,3.0118
qwen3-4b,singlev_layers24-35_lr1e-3,26,81,0.9433,0.05767,2.9545
qwen3-4b,singlev_layers24-35_lr1e-3,27,81,0.91632,0.06186,2.8893
qwen3-4b,singlev_layers24-35_lr1e-3,28,81,0.93811,0.05988,2.8583
qwen3-4b,singlev_layers24-35_lr1e-3,29,81,0.93027,0.06698,2.8611
qwen3-4b,singlev_layers24-35_lr1e-3,30,81,0.88506,0.06975,2.7933
qwen3-4b,singlev_layers24-35_lr1e-3,31,81,0.9436,0.07862,2.7536
qwen3-4b,singlev_layers24-35_lr1e-3,32,81,0.90205,0.07539,2.7582
qwen3-4b,singlev_layers24-35_lr1e-3,33,81,0.82008,0.06671,2.7347
qwen3-4b,singlev_layers24-35_lr1e-3,34,81,0.44862,0.06931,2.8371
qwen3-4b,singlev_layers24-35_lr1e-3,24,82,0.94686,0.05688,3.0585
qwen3-4b,singlev_layers24-35_lr1e-3,25,82,0.94712,0.05026,3.0392
qwen3-4b,singlev_layers24-35_lr1e-3,26,82,0.94318,0.0575,2.9807
qwen3-4b,singlev_layers24-35_lr1e-3,27,82,0.91594,0.0617,2.9141
qwen3-4b,singlev_layers24-35_lr1e-3,28,82,0.93788,0.05982,2.8823
qwen3-4b,singlev_layers24-35_lr1e-3,29,82,0.92993,0.06688,2.8848
qwen3-4b,singlev_layers24-35_lr1e-3,30,82,0.88405,0.06962,2.8158
qwen3-4b,singlev_layers24-35_lr1e-3,31,82,0.94351,0.07848,2.7754
qwen3-4b,singlev_layers24-35_lr1e-3,32,82,0.9013,0.07535,2.7802
qwen3-4b,singlev_layers24-35_lr1e-3,33,82,0.81879,0.06674,2.7565
qwen3-4b,singlev_layers24-35_lr1e-3,34,82,0.43933,0.06939,2.8614
qwen3-4b,singlev_layers24-35_lr1e-3,24,83,0.94682,0.0568,3.0865
qwen3-4b,singlev_layers24-35_lr1e-3,25,83,0.94704,0.05023,3.0662
qwen3-4b,singlev_layers24-35_lr1e-3,26,83,0.94306,0.05734,3.0066
qwen3-4b,singlev_layers24-35_lr1e-3,27,83,0.91567,0.06154,2.9387
qwen3-4b,singlev_layers24-35_lr1e-3,28,83,0.93767,0.05978,2.9059
qwen3-4b,singlev_layers24-35_lr1e-3,29,83,0.92965,0.06679,2.9082
qwen3-4b,singlev_layers24-35_lr1e-3,30,83,0.8833,0.06951,2.838
qwen3-4b,singlev_layers24-35_lr1e-3,31,83,0.94344,0.07834,2.7968
qwen3-4b,singlev_layers24-35_lr1e-3,32,83,0.90072,0.07531,2.8019
qwen3-4b,singlev_layers24-35_lr1e-3,33,83,0.818,0.06677,2.778
qwen3-4b,singlev_layers24-35_lr1e-3,34,83,0.42959,0.06947,2.8853
qwen3-4b,singlev_layers24-35_lr1e-3,24,84,0.94677,0.05672,3.1143
qwen3-4b,singlev_layers24-35_lr1e-3,25,84,0.94697,0.0502,3.0931
qwen3-4b,singlev_layers24-35_lr1e-3,26,84,0.94295,0.05719,3.0323
qwen3-4b,singlev_layers24-35_lr1e-3,27,84,0.91553,0.06138,2.963
qwen3-4b,singlev_layers24-35_lr1e-3,28,84,0.9375,0.05973,2.9294
qwen3-4b,singlev_layers24-35_lr1e-3,29,84,0.92945,0.06669,2.9314
qwen3-4b,singlev_layers24-35_lr1e-3,30,84,0.88286,0.06939,2.86
qwen3-4b,singlev_layers24-35_lr1e-3,31,84,0.9434,0.0782,2.8181
qwen3-4b,singlev_layers24-35_lr1e-3,32,84,0.90036,0.07528,2.8233
qwen3-4b,singlev_layers24-35_lr1e-3,33,84,0.81783,0.0668,2.7993
qwen3-4b,singlev_layers24-35_lr1e-3,34,84,0.41954,0.06954,2.909
qwen3-4b,singlev_layers24-35_lr1e-3,24,85,0.94673,0.05663,3.1418
qwen3-4b,singlev_layers24-35_lr1e-3,25,85,0.9469,0.05016,3.1197
qwen3-4b,singlev_layers24-35_lr1e-3,26,85,0.94286,0.05702,3.0577
qwen3-4b,singlev_layers24-35_lr1e-3,27,85,0.91548,0.06122,2.987
qwen3-4b,singlev_layers24-35_lr1e-3,28,85,0.93734,0.05969,2.9524
qwen3-4b,singlev_layers24-35_lr1e-3,29,85,0.92928,0.06659,2.9542
qwen3-4b,singlev_layers24-35_lr1e-3,30,85,0.88265,0.06926,2.8815
qwen3-4b,singlev_layers24-35_lr1e-3,31,85,0.94336,0.07806,2.8391
qwen3-4b,singlev_layers24-35_lr1e-3,32,85,0.90017,0.07525,2.8443
qwen3-4b,singlev_layers24-35_lr1e-3,33,85,0.81809,0.06683,2.8202
qwen3-4b,singlev_layers24-35_lr1e-3,34,85,0.40889,0.06961,2.9323
qwen3-4b,singlev_layers24-35_lr1e-3,24,86,0.94668,0.05654,3.1693
qwen3-4b,singlev_layers24-35_lr1e-3,25,86,0.94683,0.05013,3.1461
qwen3-4b,singlev_layers24-35_lr1e-3,26,86,0.94276,0.05686,3.0829
qwen3-4b,singlev_layers24-35_lr1e-3,27,86,0.91545,0.06105,3.0108
qwen3-4b,singlev_layers24-35_lr1e-3,28,86,0.9372,0.05964,2.9753
qwen3-4b,singlev_layers24-35_lr1e-3,29,86,0.92915,0.06649,2.9768
qwen3-4b,singlev_layers24-35_lr1e-3,30,86,0.88261,0.06914,2.9029
qwen3-4b,singlev_layers24-35_lr1e-3,31,86,0.94334,0.07792,2.8599
qwen3-4b,singlev_layers24-35_lr1e-3,32,86,0.90006,0.07522,2.8651
qwen3-4b,singlev_layers24-35_lr1e-3,33,86,0.81865,0.06686,2.8409
qwen3-4b,singlev_layers24-35_lr1e-3,34,86,0.39764,0.06967,2.9555
qwen3-4b,singlev_layers24-35_lr1e-3,24,87,0.94665,0.05646,3.1965
qwen3-4b,singlev_layers24-35_lr1e-3,25,87,0.94677,0.05009,3.1722
qwen3-4b,singlev_layers24-35_lr1e-3,26,87,0.94268,0.05669,3.1078
qwen3-4b,singlev_layers24-35_lr1e-3,27,87,0.91557,0.06089,3.0342
qwen3-4b,singlev_layers24-35_lr1e-3,28,87,0.9371,0.05959,2.9979
qwen3-4b,singlev_layers24-35_lr1e-3,29,87,0.92906,0.06639,2.9991
qwen3-4b,singlev_layers24-35_lr1e-3,30,87,0.88287,0.06903,2.9239
qwen3-4b,singlev_layers24-35_lr1e-3,31,87,0.94334,0.07778,2.8804
qwen3-4b,singlev_layers24-35_lr1e-3,32,87,0.90017,0.07519,2.8857
qwen3-4b,singlev_layers24-35_lr1e-3,33,87,0.81988,0.06689,2.8614
qwen3-4b,singlev_layers24-35_lr1e-3,34,87,0.38561,0.06972,2.9782
qwen3-4b,singlev_layers24-35_lr1e-3,24,88,0.94661,0.05638,3.2234
qwen3-4b,singlev_layers24-35_lr1e-3,25,88,0.94672,0.05005,3.1979
qwen3-4b,singlev_layers24-35_lr1e-3,26,88,0.9426,0.05653,3.1322
qwen3-4b,singlev_layers24-35_lr1e-3,27,88,0.91576,0.06072,3.0572
qwen3-4b,singlev_layers24-35_lr1e-3,28,88,0.93701,0.05954,3.0199
qwen3-4b,singlev_layers24-35_lr1e-3,29,88,0.92903,0.06629,3.0208
qwen3-4b,singlev_layers24-35_lr1e-3,30,88,0.88334,0.06893,2.9444
qwen3-4b,singlev_layers24-35_lr1e-3,31,88,0.94335,0.07765,2.9003
qwen3-4b,singlev_layers24-35_lr1e-3,32,88,0.90045,0.07517,2.9057
qwen3-4b,singlev_layers24-35_lr1e-3,33,88,0.82153,0.06692,2.8813
qwen3-4b,singlev_layers24-35_lr1e-3,34,88,0.37316,0.06978,3.0006
qwen3-4b,singlev_layers24-35_lr1e-3,24,89,0.94657,0.0563,3.25
qwen3-4b,singlev_layers24-35_lr1e-3,25,89,0.94666,0.05001,3.2234
qwen3-4b,singlev_layers24-35_lr1e-3,26,89,0.94254,0.05637,3.1565
qwen3-4b,singlev_layers24-35_lr1e-3,27,89,0.91602,0.06056,3.0799
qwen3-4b,singlev_layers24-35_lr1e-3,28,89,0.93693,0.05949,3.0417
qwen3-4b,singlev_layers24-35_lr1e-3,29,89,0.92902,0.0662,3.0424
qwen3-4b,singlev_layers24-35_lr1e-3,30,89,0.88393,0.06882,2.9647
qwen3-4b,singlev_layers24-35_lr1e-3,31,89,0.94336,0.07752,2.9201
qwen3-4b,singlev_layers24-35_lr1e-3,32,89,0.9008,0.07514,2.9255
qwen3-4b,singlev_layers24-35_lr1e-3,33,89,0.82343,0.06695,2.9011
qwen3-4b,singlev_layers24-35_lr1e-3,34,89,0.3601,0.06984,3.0228
qwen3-4b,singlev_layers24-35_lr1e-3,24,90,0.94654,0.05622,3.2765
qwen3-4b,singlev_layers24-35_lr1e-3,25,90,0.94661,0.04996,3.2487
qwen3-4b,singlev_layers24-35_lr1e-3,26,90,0.94248,0.05621,3.1805
qwen3-4b,singlev_layers24-35_lr1e-3,27,90,0.91636,0.06039,3.1025
qwen3-4b,singlev_layers24-35_lr1e-3,28,90,0.93688,0.05945,3.0634
qwen3-4b,singlev_layers24-35_lr1e-3,29,90,0.92905,0.0661,3.0637
qwen3-4b,singlev_layers24-35_lr1e-3,30,90,0.88471,0.06872,2.9847
qwen3-4b,singlev_layers24-35_lr1e-3,31,90,0.94339,0.07739,2.9398
qwen3-4b,singlev_layers24-35_lr1e-3,32,90,0.90129,0.07512,2.9452
qwen3-4b,singlev_layers24-35_lr1e-3,33,90,0.82566,0.06698,2.9206
qwen3-4b,singlev_layers24-35_lr1e-3,34,90,0.347,0.06991,3.0448
qwen3-4b,singlev_layers24-35_lr1e-3,24,91,0.9465,0.05615,3.3027
qwen3-4b,singlev_layers24-35_lr1e-3,25,91,0.94656,0.04992,3.2737
qwen3-4b,singlev_layers24-35_lr1e-3,26,91,0.94243,0.05606,3.2043
qwen3-4b,singlev_layers24-35_lr1e-3,27,91,0.91673,0.06023,3.1248
qwen3-4b,singlev_layers24-35_lr1e-3,28,91,0.93684,0.0594,3.0848
qwen3-4b,singlev_layers24-35_lr1e-3,29,91,0.92909,0.06601,3.0847
qwen3-4b,singlev_layers24-35_lr1e-3,30,91,0.88555,0.06862,3.0044
qwen3-4b,singlev_layers24-35_lr1e-3,31,91,0.94343,0.07726,2.9592
qwen3-4b,singlev_layers24-35_lr1e-3,32,91,0.90183,0.07511,2.9647
qwen3-4b,singlev_layers24-35_lr1e-3,33,91,0.82805,0.06702,2.9399
qwen3-4b,singlev_layers24-35_lr1e-3,34,91,0.33387,0.06997,3.0666
qwen3-4b,singlev_layers24-35_lr1e-3,24,92,0.94646,0.05607,3.3288
qwen3-4b,singlev_layers24-35_lr1e-3,25,92,0.94652,0.04988,3.2985
qwen3-4b,singlev_layers24-35_lr1e-3,26,92,0.94238,0.05591,3.2278
qwen3-4b,singlev_layers24-35_lr1e-3,27,92,0.9172,0.06006,3.1467
qwen3-4b,singlev_layers24-35_lr1e-3,28,92,0.93684,0.05936,3.1058
qwen3-4b,singlev_layers24-35_lr1e-3,29,92,0.92919,0.06591,3.1054
qwen3-4b,singlev_layers24-35_lr1e-3,30,92,0.88661,0.06852,3.0238
qwen3-4b,singlev_layers24-35_lr1e-3,31,92,0.94347,0.07713,2.9782
qwen3-4b,singlev_layers24-35_lr1e-3,32,92,0.90254,0.07509,2.9838
qwen3-4b,singlev_layers24-35_lr1e-3,33,92,0.83086,0.06706,2.9589
qwen3-4b,singlev_layers24-35_lr1e-3,34,92,0.32148,0.07004,3.0879
qwen3-4b,singlev_layers24-35_lr1e-3,24,93,0.94644,0.05599,3.3546
qwen3-4b,singlev_layers24-35_lr1e-3,25,93,0.94648,0.04984,3.323
qwen3-4b,singlev_layers24-35_lr1e-3,26,93,0.94235,0.05575,3.2509
qwen3-4b,singlev_layers24-35_lr1e-3,27,93,0.91769,0.0599,3.1682
qwen3-4b,singlev_layers24-35_lr1e-3,28,93,0.93686,0.05932,3.1265
qwen3-4b,singlev_layers24-35_lr1e-3,29,93,0.92932,0.06582,3.1257
qwen3-4b,singlev_layers24-35_lr1e-3,30,93,0.88779,0.06841,3.0428
qwen3-4b,singlev_layers24-35_lr1e-3,31,93,0.94353,0.077,2.9969
qwen3-4b,singlev_layers24-35_lr1e-3,32,93,0.90337,0.07507,3.0026
qwen3-4b,singlev_layers24-35_lr1e-3,33,93,0.83387,0.0671,2.9775
qwen3-4b,singlev_layers24-35_lr1e-3,34,93,0.30957,0.07011,3.1088
qwen3-4b,singlev_layers24-35_lr1e-3,24,94,0.9464,0.05592,3.3803
qwen3-4b,singlev_layers24-35_lr1e-3,25,94,0.94645,0.0498,3.3474
qwen3-4b,singlev_layers24-35_lr1e-3,26,94,0.94232,0.0556,3.2739
qwen3-4b,singlev_layers24-35_lr1e-3,27,94,0.91825,0.05974,3.1896
qwen3-4b,singlev_layers24-35_lr1e-3,28,94,0.93689,0.05927,3.1471
qwen3-4b,singlev_layers24-35_lr1e-3,29,94,0.92949,0.06572,3.1459
qwen3-4b,singlev_layers24-35_lr1e-3,30,94,0.88912,0.06831,3.0616
qwen3-4b,singlev_layers24-35_lr1e-3,31,94,0.9436,0.07687,3.0154
qwen3-4b,singlev_layers24-35_lr1e-3,32,94,0.90427,0.07504,3.0212
qwen3-4b,singlev_layers24-35_lr1e-3,33,94,0.83706,0.06713,2.9959
qwen3-4b,singlev_layers24-35_lr1e-3,34,94,0.29819,0.07018,3.1295
qwen3-4b,singlev_layers24-35_lr1e-3,24,95,0.94639,0.05584,3.4057
qwen3-4b,singlev_layers24-35_lr1e-3,25,95,0.94641,0.04977,3.3715
qwen3-4b,singlev_layers24-35_lr1e-3,26,95,0.94229,0.05546,3.2966
qwen3-4b,singlev_layers24-35_lr1e-3,27,95,0.9188,0.0596,3.2106
qwen3-4b,singlev_layers24-35_lr1e-3,28,95,0.93693,0.05924,3.1673
qwen3-4b,singlev_layers24-35_lr1e-3,29,95,0.92965,0.06563,3.1657
qwen3-4b,singlev_layers24-35_lr1e-3,30,95,0.8904,0.06821,3.0801
qwen3-4b,singlev_layers24-35_lr1e-3,31,95,0.94366,0.07674,3.0336
qwen3-4b,singlev_layers24-35_lr1e-3,32,95,0.90516,0.07502,3.0396
qwen3-4b,singlev_layers24-35_lr1e-3,33,95,0.84014,0.06717,3.014
qwen3-4b,singlev_layers24-35_lr1e-3,34,95,0.2876,0.07024,3.1499
qwen3-4b,singlev_layers24-35_lr1e-3,24,96,0.94636,0.05576,3.4308
qwen3-4b,singlev_layers24-35_lr1e-3,25,96,0.94639,0.04972,3.3952
qwen3-4b,singlev_layers24-35_lr1e-3,26,96,0.94228,0.05531,3.3189
qwen3-4b,singlev_layers24-35_lr1e-3,27,96,0.91936,0.05945,3.2312
qwen3-4b,singlev_layers24-35_lr1e-3,28,96,0.93698,0.0592,3.1871
qwen3-4b,singlev_layers24-35_lr1e-3,29,96,0.92981,0.06554,3.1851
qwen3-4b,singlev_layers24-35_lr1e-3,30,96,0.8917,0.06811,3.0982
qwen3-4b,singlev_layers24-35_lr1e-3,31,96,0.94373,0.07661,3.0514
qwen3-4b,singlev_layers24-35_lr1e-3,32,96,0.90603,0.075,3.0576
qwen3-4b,singlev_layers24-35_lr1e-3,33,96,0.8432,0.0672,3.0318
qwen3-4b,singlev_layers24-35_lr1e-3,34,96,0.2776,0.0703,3.1699
qwen3-4b,singlev_layers24-35_lr1e-3,24,97,0.94635,0.05568,3.4555
qwen3-4b,singlev_layers24-35_lr1e-3,25,97,0.94636,0.04968,3.4186
qwen3-4b,singlev_layers24-35_lr1e-3,26,97,0.94227,0.05517,3.3408
qwen3-4b,singlev_layers24-35_lr1e-3,27,97,0.91994,0.05931,3.2514
qwen3-4b,singlev_layers24-35_lr1e-3,28,97,0.93704,0.05917,3.2065
qwen3-4b,singlev_layers24-35_lr1e-3,29,97,0.93,0.06545,3.204
qwen3-4b,singlev_layers24-35_lr1e-3,30,97,0.89312,0.06801,3.1158
qwen3-4b,singlev_layers24-35_lr1e-3,31,97,0.9438,0.07649,3.0688
qwen3-4b,singlev_layers24-35_lr1e-3,32,97,0.90698,0.07499,3.0751
qwen3-4b,singlev_layers24-35_lr1e-3,33,97,0.84645,0.06724,3.049
qwen3-4b,singlev_layers24-35_lr1e-3,34,97,0.26821,0.07034,3.1892
qwen3-4b,singlev_layers24-35_lr1e-3,24,98,0.94634,0.0556,3.4798
qwen3-4b,singlev_layers24-35_lr1e-3,25,98,0.94634,0.04964,3.4415
qwen3-4b,singlev_layers24-35_lr1e-3,26,98,0.94226,0.05503,3.3622
qwen3-4b,singlev_layers24-35_lr1e-3,27,98,0.9205,0.05916,3.2711
qwen3-4b,singlev_layers24-35_lr1e-3,28,98,0.93709,0.05913,3.2254
qwen3-4b,singlev_layers24-35_lr1e-3,29,98,0.93018,0.06537,3.2225
qwen3-4b,singlev_layers24-35_lr1e-3,30,98,0.89448,0.0679,3.1331
qwen3-4b,singlev_layers24-35_lr1e-3,31,98,0.94387,0.07636,3.0858
qwen3-4b,singlev_layers24-35_lr1e-3,32,98,0.90789,0.07497,3.0923
qwen3-4b,singlev_layers24-35_lr1e-3,33,98,0.84957,0.06727,3.0659
qwen3-4b,singlev_layers24-35_lr1e-3,34,98,0.25954,0.07038,3.2082
qwen3-4b,singlev_layers24-35_lr1e-3,24,99,0.94633,0.05552,3.5039
qwen3-4b,singlev_layers24-35_lr1e-3,25,99,0.94633,0.04959,3.4642
qwen3-4b,singlev_layers24-35_lr1e-3,26,99,0.94226,0.05489,3.3834
qwen3-4b,singlev_layers24-35_lr1e-3,27,99,0.92111,0.05902,3.2906
qwen3-4b,singlev_layers24-35_lr1e-3,28,99,0.93715,0.0591,3.2441
qwen3-4b,singlev_layers24-35_lr1e-3,29,99,0.93039,0.06528,3.2407
qwen3-4b,singlev_layers24-35_lr1e-3,30,99,0.89597,0.0678,3.15
qwen3-4b,singlev_layers24-35_lr1e-3,31,99,0.94394,0.07623,3.1025
qwen3-4b,singlev_layers24-35_lr1e-3,32,99,0.90891,0.07496,3.1094
qwen3-4b,singlev_layers24-35_lr1e-3,33,99,0.8529,0.0673,3.0826
qwen3-4b,singlev_layers24-35_lr1e-3,34,99,0.25159,0.0704,3.2269
qwen3-4b,singlev_layers24-35_lr1e-3,24,100,0.94632,0.05544,3.5279
qwen3-4b,singlev_layers24-35_lr1e-3,25,100,0.94632,0.04955,3.4866
qwen3-4b,singlev_layers24-35_lr1e-3,26,100,0.94227,0.05476,3.4042
qwen3-4b,singlev_layers24-35_lr1e-3,27,100,0.92179,0.05888,3.3097
qwen3-4b,singlev_layers24-35_lr1e-3,28,100,0.93725,0.05906,3.2625
qwen3-4b,singlev_layers24-35_lr1e-3,29,100,0.93064,0.06519,3.2586
qwen3-4b,singlev_layers24-35_lr1e-3,30,100,0.89764,0.0677,3.1666
qwen3-4b,singlev_layers24-35_lr1e-3,31,100,0.94403,0.07609,3.1189
qwen3-4b,singlev_layers24-35_lr1e-3,32,100,0.91005,0.07494,3.1261
qwen3-4b,singlev_layers24-35_lr1e-3,33,100,0.85653,0.06732,3.0988
qwen3-4b,singlev_layers24-35_lr1e-3,34,100,0.24423,0.07042,3.2451
qwen3-4b,singlev_layers24-35_lr1e-3,24,101,0.94632,0.05535,3.5513
qwen3-4b,singlev_layers24-35_lr1e-3,25,101,0.9463,0.04951,3.5085
qwen3-4b,singlev_layers24-35_lr1e-3,26,101,0.94228,0.05463,3.4246
qwen3-4b,singlev_layers24-35_lr1e-3,27,101,0.92246,0.05875,3.3282
qwen3-4b,singlev_layers24-35_lr1e-3,28,101,0.93735,0.05903,3.2804
qwen3-4b,singlev_layers24-35_lr1e-3,29,101,0.93089,0.0651,3.2759
qwen3-4b,singlev_layers24-35_lr1e-3,30,101,0.89928,0.0676,3.1827
qwen3-4b,singlev_layers24-35_lr1e-3,31,101,0.94412,0.07596,3.1348
qwen3-4b,singlev_layers24-35_lr1e-3,32,101,0.91121,0.07492,3.1423
qwen3-4b,singlev_layers24-35_lr1e-3,33,101,0.86014,0.06735,3.1147
qwen3-4b,singlev_layers24-35_lr1e-3,34,101,0.23786,0.07043,3.2628
qwen3-4b,singlev_layers24-35_lr1e-3,24,102,0.94632,0.05527,3.5745
qwen3-4b,singlev_layers24-35_lr1e-3,25,102,0.9463,0.04946,3.5299
qwen3-4b,singlev_layers24-35_lr1e-3,26,102,0.9423,0.05451,3.4444
qwen3-4b,singlev_layers24-35_lr1e-3,27,102,0.92316,0.05864,3.3463
qwen3-4b,singlev_layers24-35_lr1e-3,28,102,0.93746,0.05901,3.2979
qwen3-4b,singlev_layers24-35_lr1e-3,29,102,0.93117,0.06502,3.2929
qwen3-4b,singlev_layers24-35_lr1e-3,30,102,0.90097,0.0675,3.1984
qwen3-4b,singlev_layers24-35_lr1e-3,31,102,0.94422,0.07582,3.1504
qwen3-4b,singlev_layers24-35_lr1e-3,32,102,0.9124,0.0749,3.1581
qwen3-4b,singlev_layers24-35_lr1e-3,33,102,0.8638,0.06737,3.1302
qwen3-4b,singlev_layers24-35_lr1e-3,34,102,0.23244,0.07043,3.2801
qwen3-4b,singlev_layers24-35_lr1e-3,24,103,0.94632,0.05519,3.5974
qwen3-4b,singlev_layers24-35_lr1e-3,25,103,0.94629,0.04942,3.5511
qwen3-4b,singlev_layers24-35_lr1e-3,26,103,0.94233,0.05439,3.4639
qwen3-4b,singlev_layers24-35_lr1e-3,27,103,0.92382,0.05851,3.3641
qwen3-4b,singlev_layers24-35_lr1e-3,28,103,0.93757,0.05899,3.315
qwen3-4b,singlev_layers24-35_lr1e-3,29,103,0.93142,0.06493,3.3095
qwen3-4b,singlev_layers24-35_lr1e-3,30,103,0.90256,0.0674,3.2137
qwen3-4b,singlev_layers24-35_lr1e-3,31,103,0.9443,0.07569,3.1656
qwen3-4b,singlev_layers24-35_lr1e-3,32,103,0.91351,0.07488,3.1736
qwen3-4b,singlev_layers24-35_lr1e-3,33,103,0.86723,0.0674,3.1453
qwen3-4b,singlev_layers24-35_lr1e-3,34,103,0.22741,0.07044,3.2969
qwen3-4b,singlev_layers24-35_lr1e-3,24,104,0.94632,0.0551,3.6198
qwen3-4b,singlev_layers24-35_lr1e-3,25,104,0.94629,0.04938,3.5719
qwen3-4b,singlev_layers24-35_lr1e-3,26,104,0.94235,0.05428,3.4829
qwen3-4b,singlev_layers24-35_lr1e-3,27,104,0.92447,0.0584,3.3813
qwen3-4b,singlev_layers24-35_lr1e-3,28,104,0.93768,0.05897,3.3317
qwen3-4b,singlev_layers24-35_lr1e-3,29,104,0.93166,0.06485,3.3256
qwen3-4b,singlev_layers24-35_lr1e-3,30,104,0.90417,0.0673,3.2285
qwen3-4b,singlev_layers24-35_lr1e-3,31,104,0.94438,0.07556,3.1803
qwen3-4b,singlev_layers24-35_lr1e-3,32,104,0.91461,0.07487,3.1887
qwen3-4b,singlev_layers24-35_lr1e-3,33,104,0.87061,0.06743,3.16
qwen3-4b,singlev_layers24-35_lr1e-3,34,104,0.22267,0.07045,3.3133
qwen3-4b,singlev_layers24-35_lr1e-3,24,105,0.94632,0.05502,3.6422
qwen3-4b,singlev_layers24-35_lr1e-3,25,105,0.94629,0.04934,3.5925
qwen3-4b,singlev_layers24-35_lr1e-3,26,105,0.94236,0.05416,3.5018
qwen3-4b,singlev_layers24-35_lr1e-3,27,105,0.92511,0.05828,3.3985
qwen3-4b,singlev_layers24-35_lr1e-3,28,105,0.93779,0.05895,3.3482
qwen3-4b,singlev_layers24-35_lr1e-3,29,105,0.9319,0.06477,3.3415
qwen3-4b,singlev_layers24-35_lr1e-3,30,105,0.90572,0.0672,3.2432
qwen3-4b,singlev_layers24-35_lr1e-3,31,105,0.94447,0.07544,3.195
qwen3-4b,singlev_layers24-35_lr1e-3,32,105,0.91569,0.07485,3.2036
qwen3-4b,singlev_layers24-35_lr1e-3,33,105,0.8739,0.06746,3.1746
qwen3-4b,singlev_layers24-35_lr1e-3,34,105,0.21837,0.07046,3.3297
qwen3-4b,singlev_layers24-35_lr1e-3,24,106,0.94632,0.05495,3.6643
qwen3-4b,singlev_layers24-35_lr1e-3,25,106,0.94629,0.0493,3.6128
qwen3-4b,singlev_layers24-35_lr1e-3,26,106,0.94239,0.05406,3.5204
qwen3-4b,singlev_layers24-35_lr1e-3,27,106,0.92577,0.05817,3.4154
qwen3-4b,singlev_layers24-35_lr1e-3,28,106,0.93792,0.05891,3.3644
qwen3-4b,singlev_layers24-35_lr1e-3,29,106,0.93216,0.06468,3.3571
qwen3-4b,singlev_layers24-35_lr1e-3,30,106,0.9073,0.0671,3.2576
qwen3-4b,singlev_layers24-35_lr1e-3,31,106,0.94455,0.07532,3.2093
qwen3-4b,singlev_layers24-35_lr1e-3,32,106,0.91681,0.07483,3.2183
qwen3-4b,singlev_layers24-35_lr1e-3,33,106,0.87722,0.06748,3.189
qwen3-4b,singlev_layers24-35_lr1e-3,34,106,0.21458,0.07046,3.3456
qwen3-4b,singlev_layers24-35_lr1e-3,24,107,0.94632,0.05487,3.6862
qwen3-4b,singlev_layers24-35_lr1e-3,25,107,0.94629,0.04926,3.6329
qwen3-4b,singlev_layers24-35_lr1e-3,26,107,0.94242,0.05395,3.5388
qwen3-4b,singlev_layers24-35_lr1e-3,27,107,0.92638,0.05806,3.432
qwen3-4b,singlev_layers24-35_lr1e-3,28,107,0.93804,0.05887,3.3804
qwen3-4b,singlev_layers24-35_lr1e-3,29,107,0.9324,0.06459,3.3725
qwen3-4b,singlev_layers24-35_lr1e-3,30,107,0.90876,0.06699,3.2717
qwen3-4b,singlev_layers24-35_lr1e-3,31,107,0.94463,0.07519,3.2234
qwen3-4b,singlev_layers24-35_lr1e-3,32,107,0.91783,0.07479,3.2328
qwen3-4b,singlev_layers24-35_lr1e-3,33,107,0.88032,0.06749,3.2032
qwen3-4b,singlev_layers24-35_lr1e-3,34,107,0.21113,0.07046,3.3613
qwen3-4b,singlev_layers24-35_lr1e-3,24,108,0.94633,0.05479,3.7079
qwen3-4b,singlev_layers24-35_lr1e-3,25,108,0.9463,0.04921,3.6527
qwen3-4b,singlev_layers24-35_lr1e-3,26,108,0.94245,0.05385,3.5568
qwen3-4b,singlev_layers24-35_lr1e-3,27,108,0.927,0.05794,3.4483
qwen3-4b,singlev_layers24-35_lr1e-3,28,108,0.93816,0.05883,3.3961
qwen3-4b,singlev_layers24-35_lr1e-3,29,108,0.93266,0.0645,3.3876
qwen3-4b,singlev_layers24-35_lr1e-3,30,108,0.91025,0.06688,3.2855
qwen3-4b,singlev_layers24-35_lr1e-3,31,108,0.94471,0.07506,3.2372
qwen3-4b,singlev_layers24-35_lr1e-3,32,108,0.91888,0.07476,3.2469
qwen3-4b,singlev_layers24-35_lr1e-3,33,108,0.88344,0.06751,3.217
qwen3-4b,singlev_layers24-35_lr1e-3,34,108,0.20829,0.07045,3.3765
qwen3-4b,singlev_layers24-35_lr1e-3,24,109,0.94634,0.05472,3.7292
qwen3-4b,singlev_layers24-35_lr1e-3,25,109,0.9463,0.04917,3.6721
qwen3-4b,singlev_layers24-35_lr1e-3,26,109,0.94249,0.05375,3.5744
qwen3-4b,singlev_layers24-35_lr1e-3,27,109,0.92762,0.05784,3.4641
qwen3-4b,singlev_layers24-35_lr1e-3,28,109,0.9383,0.05879,3.4114
qwen3-4b,singlev_layers24-35_lr1e-3,29,109,0.93293,0.06441,3.4023
qwen3-4b,singlev_layers24-35_lr1e-3,30,109,0.91173,0.06676,3.299
qwen3-4b,singlev_layers24-35_lr1e-3,31,109,0.9448,0.07493,3.2507
qwen3-4b,singlev_layers24-35_lr1e-3,32,109,0.91994,0.07473,3.2606
qwen3-4b,singlev_layers24-35_lr1e-3,33,109,0.88647,0.06751,3.2305
qwen3-4b,singlev_layers24-35_lr1e-3,34,109,0.20612,0.07044,3.3912
qwen3-4b,singlev_layers24-35_lr1e-3,24,110,0.94635,0.05465,3.7503
qwen3-4b,singlev_layers24-35_lr1e-3,25,110,0.9463,0.04913,3.6912
qwen3-4b,singlev_layers24-35_lr1e-3,26,110,0.94253,0.05365,3.5917
qwen3-4b,singlev_layers24-35_lr1e-3,27,110,0.92822,0.05775,3.4796
qwen3-4b,singlev_layers24-35_lr1e-3,28,110,0.93845,0.05875,3.4264
qwen3-4b,singlev_layers24-35_lr1e-3,29,110,0.93319,0.06432,3.4166
qwen3-4b,singlev_layers24-35_lr1e-3,30,110,0.91315,0.06665,3.312
qwen3-4b,singlev_layers24-35_lr1e-3,31,110,0.94488,0.07479,3.2637
qwen3-4b,singlev_layers24-35_lr1e-3,32,110,0.92097,0.0747,3.2741
qwen3-4b,singlev_layers24-35_lr1e-3,33,110,0.88938,0.06751,3.2437
qwen3-4b,singlev_layers24-35_lr1e-3,34,110,0.20429,0.07041,3.4056
qwen3-4b,singlev_layers10-25_lr5e-5,10,1,0.99988,0.05203,0.0025
qwen3-4b,singlev_layers10-25_lr5e-5,11,1,0.99988,0.05092,0.0025
qwen3-4b,singlev_layers10-25_lr5e-5,12,1,0.99988,0.05141,0.0025
qwen3-4b,singlev_layers10-25_lr5e-5,13,1,0.99989,0.04058,0.0025
qwen3-4b,singlev_layers10-25_lr5e-5,14,1,0.99988,0.04051,0.0025
qwen3-4b,singlev_layers10-25_lr5e-5,15,1,0.99988,0.05181,0.0025
qwen3-4b,singlev_layers10-25_lr5e-5,16,1,0.99988,0.0452,0.0025
qwen3-4b,singlev_layers10-25_lr5e-5,17,1,0.99988,0.05455,0.0025
qwen3-4b,singlev_layers10-25_lr5e-5,18,1,0.99988,0.05096,0.0025
qwen3-4b,singlev_layers10-25_lr5e-5,19,1,0.99988,0.04652,0.0025
qwen3-4b,singlev_layers10-25_lr5e-5,20,1,0.99988,0.05256,0.0025
qwen3-4b,singlev_layers10-25_lr5e-5,21,1,0.99988,0.0481,0.0025
qwen3-4b,singlev_layers10-25_lr5e-5,22,1,0.99988,0.06584,0.0025
qwen3-4b,singlev_layers10-25_lr5e-5,23,1,0.99988,0.05759,0.0025
qwen3-4b,singlev_layers10-25_lr5e-5,24,1,0.99989,0.05769,0.0025
qwen3-4b,singlev_layers10-25_lr5e-5,25,1,0.99989,0.04992,0.0025
qwen3-4b,singlev_layers10-25_lr5e-5,10,7,0.99516,0.05152,0.0166
qwen3-4b,singlev_layers10-25_lr5e-5,11,7,0.99539,0.05235,0.0166
qwen3-4b,singlev_layers10-25_lr5e-5,12,7,0.99542,0.05196,0.0165
qwen3-4b,singlev_layers10-25_lr5e-5,13,7,0.99546,0.04296,0.0166
qwen3-4b,singlev_layers10-25_lr5e-5,14,7,0.9954,0.04324,0.0167
qwen3-4b,singlev_layers10-25_lr5e-5,15,7,0.99519,0.05089,0.0167
qwen3-4b,singlev_layers10-25_lr5e-5,16,7,0.99525,0.04665,0.0168
qwen3-4b,singlev_layers10-25_lr5e-5,17,7,0.99515,0.05535,0.0168
qwen3-4b,singlev_layers10-25_lr5e-5,18,7,0.99513,0.051,0.017
qwen3-4b,singlev_layers10-25_lr5e-5,19,7,0.99531,0.04379,0.0168
qwen3-4b,singlev_layers10-25_lr5e-5,20,7,0.99518,0.05145,0.0168
qwen3-4b,singlev_layers10-25_lr5e-5,21,7,0.99523,0.04891,0.0169
qwen3-4b,singlev_layers10-25_lr5e-5,22,7,0.99524,0.06673,0.0168
qwen3-4b,singlev_layers10-25_lr5e-5,23,7,0.99525,0.05839,0.0168
qwen3-4b,singlev_layers10-25_lr5e-5,24,7,0.99543,0.05819,0.0167
qwen3-4b,singlev_layers10-25_lr5e-5,25,7,0.99559,0.05259,0.0165
qwen3-4b,singlev_layers10-25_lr5e-5,10,13,0.98651,0.05185,0.0305
qwen3-4b,singlev_layers10-25_lr5e-5,11,13,0.98718,0.05315,0.0305
qwen3-4b,singlev_layers10-25_lr5e-5,12,13,0.98727,0.05125,0.0304
qwen3-4b,singlev_layers10-25_lr5e-5,13,13,0.98733,0.04384,0.0305
qwen3-4b,singlev_layers10-25_lr5e-5,14,13,0.98728,0.04323,0.0307
qwen3-4b,singlev_layers10-25_lr5e-5,15,13,0.98664,0.0507,0.0309
qwen3-4b,singlev_layers10-25_lr5e-5,16,13,0.98671,0.04709,0.031
qwen3-4b,singlev_layers10-25_lr5e-5,17,13,0.98653,0.05539,0.0311
qwen3-4b,singlev_layers10-25_lr5e-5,18,13,0.98646,0.0511,0.0314
qwen3-4b,singlev_layers10-25_lr5e-5,19,13,0.98699,0.04324,0.0309
qwen3-4b,singlev_layers10-25_lr5e-5,20,13,0.98654,0.05145,0.0311
qwen3-4b,singlev_layers10-25_lr5e-5,21,13,0.98668,0.04883,0.0312
qwen3-4b,singlev_layers10-25_lr5e-5,22,13,0.98684,0.06606,0.0311
qwen3-4b,singlev_layers10-25_lr5e-5,23,13,0.9868,0.05818,0.031
qwen3-4b,singlev_layers10-25_lr5e-5,24,13,0.9873,0.05859,0.0308
qwen3-4b,singlev_layers10-25_lr5e-5,25,13,0.98781,0.05303,0.0305
qwen3-4b,singlev_layers10-25_lr5e-5,10,19,0.97777,0.05234,0.0443
qwen3-4b,singlev_layers10-25_lr5e-5,11,19,0.97895,0.0533,0.0443
qwen3-4b,singlev_layers10-25_lr5e-5,12,19,0.97904,0.05083,0.0442
qwen3-4b,singlev_layers10-25_lr5e-5,13,19,0.97915,0.04437,0.0443
qwen3-4b,singlev_layers10-25_lr5e-5,14,19,0.97918,0.04306,0.0446
qwen3-4b,singlev_layers10-25_lr5e-5,15,19,0.97808,0.05086,0.045
qwen3-4b,singlev_layers10-25_lr5e-5,16,19,0.97814,0.04743,0.0452
qwen3-4b,singlev_layers10-25_lr5e-5,17,19,0.97793,0.05555,0.0452
qwen3-4b,singlev_layers10-25_lr5e-5,18,19,0.97789,0.05109,0.0456
qwen3-4b,singlev_layers10-25_lr5e-5,19,19,0.97871,0.04333,0.045
qwen3-4b,singlev_layers10-25_lr5e-5,20,19,0.97794,0.0514,0.0452
qwen3-4b,singlev_layers10-25_lr5e-5,21,19,0.97815,0.0489,0.0454
qwen3-4b,singlev_layers10-25_lr5e-5,22,19,0.97855,0.06568,0.0452
qwen3-4b,singlev_layers10-25_lr5e-5,23,19,0.97838,0.05794,0.0451
qwen3-4b,singlev_layers10-25_lr5e-5,24,19,0.97913,0.05876,0.0447
qwen3-4b,singlev_layers10-25_lr5e-5,25,19,0.98003,0.05313,0.0443
qwen3-4b,singlev_layers10-25_lr5e-5,10,25,0.97056,0.0525,0.0582
qwen3-4b,singlev_layers10-25_lr5e-5,11,25,0.97222,0.05306,0.0581
qwen3-4b,singlev_layers10-25_lr5e-5,12,25,0.97228,0.05063,0.058
qwen3-4b,singlev_layers10-25_lr5e-5,13,25,0.97243,0.04474,0.0582
qwen3-4b,singlev_layers10-25_lr5e-5,14,25,0.9726,0.04299,0.0586
qwen3-4b,singlev_layers10-25_lr5e-5,15,25,0.97111,0.05111,0.0591
qwen3-4b,singlev_layers10-25_lr5e-5,16,25,0.97117,0.04776,0.0594
qwen3-4b,singlev_layers10-25_lr5e-5,17,25,0.97094,0.05568,0.0593
qwen3-4b,singlev_layers10-25_lr5e-5,18,25,0.97104,0.05112,0.0599
qwen3-4b,singlev_layers10-25_lr5e-5,19,25,0.97202,0.0434,0.059
qwen3-4b,singlev_layers10-25_lr5e-5,20,25,0.97097,0.05148,0.0593
qwen3-4b,singlev_layers10-25_lr5e-5,21,25,0.97125,0.04909,0.0596
qwen3-4b,singlev_layers10-25_lr5e-5,22,25,0.97187,0.06554,0.0594
qwen3-4b,singlev_layers10-25_lr5e-5,23,25,0.97156,0.05789,0.0592
qwen3-4b,singlev_layers10-25_lr5e-5,24,25,0.97243,0.05899,0.0587
qwen3-4b,singlev_layers10-25_lr5e-5,25,25,0.97364,0.05349,0.0581
qwen3-4b,singlev_layers10-25_lr5e-5,10,31,0.96516,0.05243,0.0721
qwen3-4b,singlev_layers10-25_lr5e-5,11,31,0.96719,0.05276,0.0719
qwen3-4b,singlev_layers10-25_lr5e-5,12,31,0.96721,0.05054,0.0718
qwen3-4b,singlev_layers10-25_lr5e-5,13,31,0.96738,0.04476,0.072
qwen3-4b,singlev_layers10-25_lr5e-5,14,31,0.96772,0.04282,0.0726
qwen3-4b,singlev_layers10-25_lr5e-5,15,31,0.96592,0.05135,0.0732
qwen3-4b,singlev_layers10-25_lr5e-5,16,31,0.96598,0.04784,0.0736
qwen3-4b,singlev_layers10-25_lr5e-5,17,31,0.96575,0.05555,0.0734
qwen3-4b,singlev_layers10-25_lr5e-5,18,31,0.966,0.05114,0.0741
qwen3-4b,singlev_layers10-25_lr5e-5,19,31,0.96705,0.04336,0.073
qwen3-4b,singlev_layers10-25_lr5e-5,20,31,0.9658,0.05151,0.0734
qwen3-4b,singlev_layers10-25_lr5e-5,21,31,0.96611,0.04927,0.0737
qwen3-4b,singlev_layers10-25_lr5e-5,22,31,0.96693,0.06526,0.0734
qwen3-4b,singlev_layers10-25_lr5e-5,23,31,0.9665,0.05777,0.0733
qwen3-4b,singlev_layers10-25_lr5e-5,24,31,0.9674,0.05914,0.0725
qwen3-4b,singlev_layers10-25_lr5e-5,25,31,0.96886,0.05359,0.0719
qwen3-4b,singlev_layers10-25_lr5e-5,10,37,0.96128,0.0523,0.0859
qwen3-4b,singlev_layers10-25_lr5e-5,11,37,0.96354,0.05236,0.0857
qwen3-4b,singlev_layers10-25_lr5e-5,12,37,0.96351,0.05067,0.0855
qwen3-4b,singlev_layers10-25_lr5e-5,13,37,0.96365,0.0448,0.0858
qwen3-4b,singlev_layers10-25_lr5e-5,14,37,0.96418,0.04284,0.0865
qwen3-4b,singlev_layers10-25_lr5e-5,15,37,0.96213,0.0515,0.0872
qwen3-4b,singlev_layers10-25_lr5e-5,16,37,0.96219,0.04792,0.0877
qwen3-4b,singlev_layers10-25_lr5e-5,17,37,0.96199,0.05522,0.0874
qwen3-4b,singlev_layers10-25_lr5e-5,18,37,0.96236,0.0511,0.0883
qwen3-4b,singlev_layers10-25_lr5e-5,19,37,0.96343,0.04329,0.0871
qwen3-4b,singlev_layers10-25_lr5e-5,20,37,0.96204,0.05137,0.0874
qwen3-4b,singlev_layers10-25_lr5e-5,21,37,0.96235,0.04948,0.0878
qwen3-4b,singlev_layers10-25_lr5e-5,22,37,0.96335,0.06491,0.0875
qwen3-4b,singlev_layers10-25_lr5e-5,23,37,0.96284,0.05754,0.0873
qwen3-4b,singlev_layers10-25_lr5e-5,24,37,0.96368,0.05933,0.0863
qwen3-4b,singlev_layers10-25_lr5e-5,25,37,0.96534,0.05366,0.0855
qwen3-4b,singlev_layers10-25_lr5e-5,10,43,0.95848,0.05199,0.0997
qwen3-4b,singlev_layers10-25_lr5e-5,11,43,0.96089,0.05202,0.0995
qwen3-4b,singlev_layers10-25_lr5e-5,12,43,0.96078,0.05069,0.0993
qwen3-4b,singlev_layers10-25_lr5e-5,13,43,0.96089,0.04469,0.0996
qwen3-4b,singlev_layers10-25_lr5e-5,14,43,0.96162,0.04279,0.1004
qwen3-4b,singlev_layers10-25_lr5e-5,15,43,0.95936,0.05173,0.1012
qwen3-4b,singlev_layers10-25_lr5e-5,16,43,0.95941,0.04801,0.1018
qwen3-4b,singlev_layers10-25_lr5e-5,17,43,0.95926,0.05505,0.1014
qwen3-4b,singlev_layers10-25_lr5e-5,18,43,0.95974,0.05112,0.1025
qwen3-4b,singlev_layers10-25_lr5e-5,19,43,0.96082,0.04322,0.101
qwen3-4b,singlev_layers10-25_lr5e-5,20,43,0.9593,0.05134,0.1014
qwen3-4b,singlev_layers10-25_lr5e-5,21,43,0.95961,0.0497,0.1018
qwen3-4b,singlev_layers10-25_lr5e-5,22,43,0.96075,0.0648,0.1014
qwen3-4b,singlev_layers10-25_lr5e-5,23,43,0.96018,0.05751,0.1014
qwen3-4b,singlev_layers10-25_lr5e-5,24,43,0.96094,0.05957,0.1
qwen3-4b,singlev_layers10-25_lr5e-5,25,43,0.96276,0.05378,0.0992
qwen3-4b,singlev_layers10-25_lr5e-5,10,49,0.95645,0.05166,0.1134
qwen3-4b,singlev_layers10-25_lr5e-5,11,49,0.95892,0.05185,0.1131
qwen3-4b,singlev_layers10-25_lr5e-5,12,49,0.95875,0.05079,0.1128
qwen3-4b,singlev_layers10-25_lr5e-5,13,49,0.95884,0.04454,0.1132
qwen3-4b,singlev_layers10-25_lr5e-5,14,49,0.95974,0.04268,0.1141
qwen3-4b,singlev_layers10-25_lr5e-5,15,49,0.9573,0.05196,0.1151
qwen3-4b,singlev_layers10-25_lr5e-5,16,49,0.95732,0.04809,0.1158
qwen3-4b,singlev_layers10-25_lr5e-5,17,49,0.95725,0.05498,0.1153
qwen3-4b,singlev_layers10-25_lr5e-5,18,49,0.95785,0.05118,0.1164
qwen3-4b,singlev_layers10-25_lr5e-5,19,49,0.95894,0.04315,0.1148
qwen3-4b,singlev_layers10-25_lr5e-5,20,49,0.95731,0.05136,0.1151
qwen3-4b,singlev_layers10-25_lr5e-5,21,49,0.95758,0.05,0.1155
qwen3-4b,singlev_layers10-25_lr5e-5,22,49,0.95884,0.06464,0.1152
qwen3-4b,singlev_layers10-25_lr5e-5,23,49,0.95821,0.0574,0.1151
qwen3-4b,singlev_layers10-25_lr5e-5,24,49,0.95887,0.05983,0.1135
qwen3-4b,singlev_layers10-25_lr5e-5,25,49,0.96081,0.0539,0.1125
qwen3-4b,singlev_layers10-25_lr5e-5,10,55,0.95495,0.05132,0.127
qwen3-4b,singlev_layers10-25_lr5e-5,11,55,0.95743,0.05175,0.1265
qwen3-4b,singlev_layers10-25_lr5e-5,12,55,0.9572,0.05083,0.1263
qwen3-4b,singlev_layers10-25_lr5e-5,13,55,0.95726,0.04446,0.1268
qwen3-4b,singlev_layers10-25_lr5e-5,14,55,0.95833,0.04263,0.1278
qwen3-4b,singlev_layers10-25_lr5e-5,15,55,0.95573,0.05222,0.1289
qwen3-4b,singlev_layers10-25_lr5e-5,16,55,0.95575,0.04823,0.1297
qwen3-4b,singlev_layers10-25_lr5e-5,17,55,0.95575,0.05482,0.129
qwen3-4b,singlev_layers10-25_lr5e-5,18,55,0.95645,0.0513,0.1302
qwen3-4b,singlev_layers10-25_lr5e-5,19,55,0.95753,0.04313,0.1284
qwen3-4b,singlev_layers10-25_lr5e-5,20,55,0.95581,0.05147,0.1287
qwen3-4b,singlev_layers10-25_lr5e-5,21,55,0.95603,0.05035,0.129
qwen3-4b,singlev_layers10-25_lr5e-5,22,55,0.95738,0.06445,0.1287
qwen3-4b,singlev_layers10-25_lr5e-5,23,55,0.95671,0.05723,0.1288
qwen3-4b,singlev_layers10-25_lr5e-5,24,55,0.95725,0.05997,0.1267
qwen3-4b,singlev_layers10-25_lr5e-5,25,55,0.95928,0.05405,0.1257
qwen3-4b,singlev_layers10-25_lr5e-5,10,61,0.9538,0.05101,0.1406
qwen3-4b,singlev_layers10-25_lr5e-5,11,61,0.95627,0.0516,0.14
qwen3-4b,singlev_layers10-25_lr5e-5,12,61,0.95599,0.05085,0.1398
qwen3-4b,singlev_layers10-25_lr5e-5,13,61,0.95601,0.04441,0.1404
qwen3-4b,singlev_layers10-25_lr5e-5,14,61,0.95724,0.04261,0.1414
qwen3-4b,singlev_layers10-25_lr5e-5,15,61,0.95454,0.05249,0.1427
qwen3-4b,singlev_layers10-25_lr5e-5,16,61,0.95453,0.04835,0.1436
qwen3-4b,singlev_layers10-25_lr5e-5,17,61,0.95463,0.05466,0.1427
qwen3-4b,singlev_layers10-25_lr5e-5,18,61,0.95538,0.05145,0.144
qwen3-4b,singlev_layers10-25_lr5e-5,19,61,0.95645,0.04316,0.142
qwen3-4b,singlev_layers10-25_lr5e-5,20,61,0.95467,0.05159,0.1422
qwen3-4b,singlev_layers10-25_lr5e-5,21,61,0.95481,0.05071,0.1426
qwen3-4b,singlev_layers10-25_lr5e-5,22,61,0.95625,0.06427,0.1423
qwen3-4b,singlev_layers10-25_lr5e-5,23,61,0.95556,0.05701,0.1425
qwen3-4b,singlev_layers10-25_lr5e-5,24,61,0.95597,0.06007,0.1399
qwen3-4b,singlev_layers10-25_lr5e-5,25,61,0.95809,0.05413,0.1389
qwen3-4b,singlev_layers10-25_lr5e-5,10,67,0.95293,0.05067,0.154
qwen3-4b,singlev_layers10-25_lr5e-5,11,67,0.95538,0.0514,0.1533
qwen3-4b,singlev_layers10-25_lr5e-5,12,67,0.95507,0.05083,0.1532
qwen3-4b,singlev_layers10-25_lr5e-5,13,67,0.95505,0.04438,0.1538
qwen3-4b,singlev_layers10-25_lr5e-5,14,67,0.95639,0.04253,0.1549
qwen3-4b,singlev_layers10-25_lr5e-5,15,67,0.95359,0.0528,0.1563
qwen3-4b,singlev_layers10-25_lr5e-5,16,67,0.95356,0.04845,0.1573
qwen3-4b,singlev_layers10-25_lr5e-5,17,67,0.95376,0.05452,0.1562
qwen3-4b,singlev_layers10-25_lr5e-5,18,67,0.95456,0.05162,0.1576
qwen3-4b,singlev_layers10-25_lr5e-5,19,67,0.95562,0.04316,0.1555
qwen3-4b,singlev_layers10-25_lr5e-5,20,67,0.9538,0.05171,0.1556
qwen3-4b,singlev_layers10-25_lr5e-5,21,67,0.95384,0.05104,0.156
qwen3-4b,singlev_layers10-25_lr5e-5,22,67,0.95538,0.06404,0.1557
qwen3-4b,singlev_layers10-25_lr5e-5,23,67,0.95469,0.05676,0.156
qwen3-4b,singlev_layers10-25_lr5e-5,24,67,0.95495,0.06015,0.153
qwen3-4b,singlev_layers10-25_lr5e-5,25,67,0.95713,0.05415,0.152
qwen3-4b,singlev_layers10-25_lr5e-5,10,73,0.95225,0.05031,0.1674
qwen3-4b,singlev_layers10-25_lr5e-5,11,73,0.95467,0.05122,0.1666
qwen3-4b,singlev_layers10-25_lr5e-5,12,73,0.95434,0.05075,0.1665
qwen3-4b,singlev_layers10-25_lr5e-5,13,73,0.95428,0.04438,0.1671
qwen3-4b,singlev_layers10-25_lr5e-5,14,73,0.95573,0.04246,0.1683
qwen3-4b,singlev_layers10-25_lr5e-5,15,73,0.95285,0.05306,0.1699
qwen3-4b,singlev_layers10-25_lr5e-5,16,73,0.9528,0.0485,0.171
qwen3-4b,singlev_layers10-25_lr5e-5,17,73,0.95308,0.05438,0.1696
qwen3-4b,singlev_layers10-25_lr5e-5,18,73,0.95391,0.05177,0.1711
qwen3-4b,singlev_layers10-25_lr5e-5,19,73,0.95497,0.04315,0.1688
qwen3-4b,singlev_layers10-25_lr5e-5,20,73,0.95313,0.05177,0.1689
qwen3-4b,singlev_layers10-25_lr5e-5,21,73,0.95308,0.05138,0.1693
qwen3-4b,singlev_layers10-25_lr5e-5,22,73,0.95468,0.06375,0.169
qwen3-4b,singlev_layers10-25_lr5e-5,23,73,0.95399,0.05645,0.1695
qwen3-4b,singlev_layers10-25_lr5e-5,24,73,0.95411,0.06025,0.1659
qwen3-4b,singlev_layers10-25_lr5e-5,25,73,0.95633,0.05418,0.165
qwen3-4b,singlev_layers10-25_lr5e-5,10,79,0.95173,0.04994,0.1806
qwen3-4b,singlev_layers10-25_lr5e-5,11,79,0.95411,0.051,0.1796
qwen3-4b,singlev_layers10-25_lr5e-5,12,79,0.95376,0.05063,0.1796
qwen3-4b,singlev_layers10-25_lr5e-5,13,79,0.95365,0.04434,0.1803
qwen3-4b,singlev_layers10-25_lr5e-5,14,79,0.95517,0.0424,0.1816
qwen3-4b,singlev_layers10-25_lr5e-5,15,79,0.95225,0.0533,0.1833
qwen3-4b,singlev_layers10-25_lr5e-5,16,79,0.95217,0.04849,0.1846
qwen3-4b,singlev_layers10-25_lr5e-5,17,79,0.95256,0.05425,0.1828
qwen3-4b,singlev_layers10-25_lr5e-5,18,79,0.95339,0.05193,0.1844
qwen3-4b,singlev_layers10-25_lr5e-5,19,79,0.95445,0.0432,0.182
qwen3-4b,singlev_layers10-25_lr5e-5,20,79,0.95261,0.05186,0.1819
qwen3-4b,singlev_layers10-25_lr5e-5,21,79,0.95246,0.05168,0.1824
qwen3-4b,singlev_layers10-25_lr5e-5,22,79,0.95411,0.06342,0.1821
qwen3-4b,singlev_layers10-25_lr5e-5,23,79,0.95342,0.05615,0.1829
qwen3-4b,singlev_layers10-25_lr5e-5,24,79,0.9534,0.0603,0.1785
qwen3-4b,singlev_layers10-25_lr5e-5,25,79,0.95562,0.0542,0.1778
qwen3-4b,singlev_layers10-25_lr5e-5,10,85,0.95134,0.0496,0.1937
qwen3-4b,singlev_layers10-25_lr5e-5,11,85,0.95367,0.05071,0.1926
qwen3-4b,singlev_layers10-25_lr5e-5,12,85,0.95327,0.05049,0.1926
qwen3-4b,singlev_layers10-25_lr5e-5,13,85,0.95313,0.04433,0.1935
qwen3-4b,singlev_layers10-25_lr5e-5,14,85,0.95472,0.04241,0.1947
qwen3-4b,singlev_layers10-25_lr5e-5,15,85,0.95177,0.0535,0.1967
qwen3-4b,singlev_layers10-25_lr5e-5,16,85,0.95167,0.04846,0.198
qwen3-4b,singlev_layers10-25_lr5e-5,17,85,0.95215,0.05415,0.1959
qwen3-4b,singlev_layers10-25_lr5e-5,18,85,0.95295,0.05207,0.1976
qwen3-4b,singlev_layers10-25_lr5e-5,19,85,0.95403,0.04323,0.1951
qwen3-4b,singlev_layers10-25_lr5e-5,20,85,0.95218,0.05188,0.1949
qwen3-4b,singlev_layers10-25_lr5e-5,21,85,0.95194,0.05193,0.1954
qwen3-4b,singlev_layers10-25_lr5e-5,22,85,0.95363,0.0631,0.1951
qwen3-4b,singlev_layers10-25_lr5e-5,23,85,0.95295,0.05589,0.1961
qwen3-4b,singlev_layers10-25_lr5e-5,24,85,0.9528,0.06028,0.1911
qwen3-4b,singlev_layers10-25_lr5e-5,25,85,0.95503,0.05417,0.1906
qwen3-4b,singlev_layers10-25_lr5e-5,10,91,0.95101,0.04933,0.2067
qwen3-4b,singlev_layers10-25_lr5e-5,11,91,0.95331,0.0505,0.2055
qwen3-4b,singlev_layers10-25_lr5e-5,12,91,0.95287,0.0504,0.2055
qwen3-4b,singlev_layers10-25_lr5e-5,13,91,0.9527,0.04434,0.2065
qwen3-4b,singlev_layers10-25_lr5e-5,14,91,0.95434,0.04247,0.2077
qwen3-4b,singlev_layers10-25_lr5e-5,15,91,0.95138,0.05372,0.2098
qwen3-4b,singlev_layers10-25_lr5e-5,16,91,0.95126,0.04845,0.2113
qwen3-4b,singlev_layers10-25_lr5e-5,17,91,0.95183,0.0541,0.2088
qwen3-4b,singlev_layers10-25_lr5e-5,18,91,0.9526,0.05225,0.2106
qwen3-4b,singlev_layers10-25_lr5e-5,19,91,0.95369,0.04327,0.2079
qwen3-4b,singlev_layers10-25_lr5e-5,20,91,0.95186,0.05188,0.2075
qwen3-4b,singlev_layers10-25_lr5e-5,21,91,0.95151,0.05214,0.2082
qwen3-4b,singlev_layers10-25_lr5e-5,22,91,0.95322,0.06279,0.2078
qwen3-4b,singlev_layers10-25_lr5e-5,23,91,0.95255,0.05564,0.209
qwen3-4b,singlev_layers10-25_lr5e-5,24,91,0.95226,0.06027,0.2032
qwen3-4b,singlev_layers10-25_lr5e-5,25,91,0.9545,0.05413,0.203
qwen3-4b,singlev_layers10-25_lr5e-5,10,97,0.95076,0.04907,0.2195
qwen3-4b,singlev_layers10-25_lr5e-5,11,97,0.95301,0.05029,0.2181
qwen3-4b,singlev_layers10-25_lr5e-5,12,97,0.95253,0.05027,0.2182
qwen3-4b,singlev_layers10-25_lr5e-5,13,97,0.95234,0.04433,0.2193
qwen3-4b,singlev_layers10-25_lr5e-5,14,97,0.954,0.04252,0.2205
qwen3-4b,singlev_layers10-25_lr5e-5,15,97,0.95106,0.05392,0.2228
qwen3-4b,singlev_layers10-25_lr5e-5,16,97,0.95092,0.04844,0.2243
qwen3-4b,singlev_layers10-25_lr5e-5,17,97,0.95157,0.05405,0.2214
qwen3-4b,singlev_layers10-25_lr5e-5,18,97,0.95229,0.0524,0.2233
qwen3-4b,singlev_layers10-25_lr5e-5,19,97,0.95341,0.04331,0.2205
qwen3-4b,singlev_layers10-25_lr5e-5,20,97,0.95161,0.0518,0.2198
qwen3-4b,singlev_layers10-25_lr5e-5,21,97,0.95115,0.05226,0.2206
qwen3-4b,singlev_layers10-25_lr5e-5,22,97,0.95287,0.06246,0.2203
qwen3-4b,singlev_layers10-25_lr5e-5,23,97,0.9522,0.05538,0.2218
qwen3-4b,singlev_layers10-25_lr5e-5,24,97,0.9518,0.06026,0.2151
qwen3-4b,singlev_layers10-25_lr5e-5,25,97,0.95401,0.05412,0.2153
qwen3-4b,singlev_layers10-25_lr5e-5,10,103,0.95056,0.0488,0.2319
qwen3-4b,singlev_layers10-25_lr5e-5,11,103,0.95274,0.05015,0.2305
qwen3-4b,singlev_layers10-25_lr5e-5,12,103,0.95224,0.05017,0.2306
qwen3-4b,singlev_layers10-25_lr5e-5,13,103,0.95203,0.04431,0.2319
qwen3-4b,singlev_layers10-25_lr5e-5,14,103,0.95372,0.04257,0.233
qwen3-4b,singlev_layers10-25_lr5e-5,15,103,0.95079,0.05409,0.2355
qwen3-4b,singlev_layers10-25_lr5e-5,16,103,0.95063,0.04842,0.2371
qwen3-4b,singlev_layers10-25_lr5e-5,17,103,0.95136,0.054,0.2337
qwen3-4b,singlev_layers10-25_lr5e-5,18,103,0.95203,0.05255,0.2358
qwen3-4b,singlev_layers10-25_lr5e-5,19,103,0.95318,0.04336,0.2328
qwen3-4b,singlev_layers10-25_lr5e-5,20,103,0.95142,0.05169,0.2318
qwen3-4b,singlev_layers10-25_lr5e-5,21,103,0.95085,0.05235,0.2328
qwen3-4b,singlev_layers10-25_lr5e-5,22,103,0.95257,0.06208,0.2324
qwen3-4b,singlev_layers10-25_lr5e-5,23,103,0.95191,0.05511,0.2342
qwen3-4b,singlev_layers10-25_lr5e-5,24,103,0.95137,0.06019,0.2265
qwen3-4b,singlev_layers10-25_lr5e-5,25,103,0.95356,0.05407,0.2272
qwen3-4b,singlev_layers10-25_lr5e-5,10,109,0.95039,0.04855,0.244
qwen3-4b,singlev_layers10-25_lr5e-5,11,109,0.95251,0.05004,0.2426
qwen3-4b,singlev_layers10-25_lr5e-5,12,109,0.95199,0.0501,0.2428
qwen3-4b,singlev_layers10-25_lr5e-5,13,109,0.95177,0.04434,0.2443
qwen3-4b,singlev_layers10-25_lr5e-5,14,109,0.95345,0.04266,0.2452
qwen3-4b,singlev_layers10-25_lr5e-5,15,109,0.95055,0.05427,0.2479
qwen3-4b,singlev_layers10-25_lr5e-5,16,109,0.95039,0.04839,0.2495
qwen3-4b,singlev_layers10-25_lr5e-5,17,109,0.95119,0.05399,0.2457
qwen3-4b,singlev_layers10-25_lr5e-5,18,109,0.9518,0.05274,0.2479
qwen3-4b,singlev_layers10-25_lr5e-5,19,109,0.95298,0.04341,0.2447
qwen3-4b,singlev_layers10-25_lr5e-5,20,109,0.95128,0.0515,0.2434
qwen3-4b,singlev_layers10-25_lr5e-5,21,109,0.9506,0.05238,0.2447
qwen3-4b,singlev_layers10-25_lr5e-5,22,109,0.95231,0.06169,0.2442
qwen3-4b,singlev_layers10-25_lr5e-5,23,109,0.95165,0.05486,0.2464
qwen3-4b,singlev_layers10-25_lr5e-5,24,109,0.951,0.06014,0.2377
qwen3-4b,singlev_layers10-25_lr5e-5,25,109,0.95317,0.05402,0.2388
qwen3-4b,singlev_layers10-25_lr5e-5,10,115,0.95025,0.04831,0.2558
qwen3-4b,singlev_layers10-25_lr5e-5,11,115,0.95233,0.04996,0.2543
qwen3-4b,singlev_layers10-25_lr5e-5,12,115,0.95178,0.04997,0.2547
qwen3-4b,singlev_layers10-25_lr5e-5,13,115,0.95154,0.04437,0.2563
qwen3-4b,singlev_layers10-25_lr5e-5,14,115,0.95323,0.04276,0.2572
qwen3-4b,singlev_layers10-25_lr5e-5,15,115,0.95035,0.05443,0.26
qwen3-4b,singlev_layers10-25_lr5e-5,16,115,0.95018,0.04835,0.2617
qwen3-4b,singlev_layers10-25_lr5e-5,17,115,0.95105,0.05407,0.2574
qwen3-4b,singlev_layers10-25_lr5e-5,18,115,0.9516,0.05295,0.2597
qwen3-4b,singlev_layers10-25_lr5e-5,19,115,0.95282,0.04346,0.2564
qwen3-4b,singlev_layers10-25_lr5e-5,20,115,0.95117,0.05134,0.2547
qwen3-4b,singlev_layers10-25_lr5e-5,21,115,0.95039,0.05239,0.2563
qwen3-4b,singlev_layers10-25_lr5e-5,22,115,0.95208,0.06131,0.2557
qwen3-4b,singlev_layers10-25_lr5e-5,23,115,0.95142,0.05462,0.2584
qwen3-4b,singlev_layers10-25_lr5e-5,24,115,0.95065,0.0601,0.2486
qwen3-4b,singlev_layers10-25_lr5e-5,25,115,0.95279,0.05402,0.2502
qwen3-4b,singlev_layers10-25_lr5e-5,10,121,0.95013,0.0481,0.2672
qwen3-4b,singlev_layers10-25_lr5e-5,11,121,0.95217,0.04992,0.2658
qwen3-4b,singlev_layers10-25_lr5e-5,12,121,0.9516,0.04983,0.2662
qwen3-4b,singlev_layers10-25_lr5e-5,13,121,0.95133,0.04442,0.268
qwen3-4b,singlev_layers10-25_lr5e-5,14,121,0.95301,0.0429,0.2688
qwen3-4b,singlev_layers10-25_lr5e-5,15,121,0.95018,0.05457,0.2717
qwen3-4b,singlev_layers10-25_lr5e-5,16,121,0.95002,0.04829,0.2735
qwen3-4b,singlev_layers10-25_lr5e-5,17,121,0.95094,0.05416,0.2688
qwen3-4b,singlev_layers10-25_lr5e-5,18,121,0.95141,0.0532,0.2712
qwen3-4b,singlev_layers10-25_lr5e-5,19,121,0.95267,0.04351,0.2678
qwen3-4b,singlev_layers10-25_lr5e-5,20,121,0.9511,0.05116,0.2657
qwen3-4b,singlev_layers10-25_lr5e-5,21,121,0.95021,0.05238,0.2677
qwen3-4b,singlev_layers10-25_lr5e-5,22,121,0.95188,0.06093,0.2669
qwen3-4b,singlev_layers10-25_lr5e-5,23,121,0.95121,0.05441,0.27
qwen3-4b,singlev_layers10-25_lr5e-5,24,121,0.95034,0.06008,0.2592
qwen3-4b,singlev_layers10-25_lr5e-5,25,121,0.95244,0.05402,0.2613
qwen3-4b,singlev_layers10-25_lr5e-5,10,127,0.95002,0.04791,0.2783
qwen3-4b,singlev_layers10-25_lr5e-5,11,127,0.95204,0.04992,0.2769
qwen3-4b,singlev_layers10-25_lr5e-5,12,127,0.95145,0.04963,0.2775
qwen3-4b,singlev_layers10-25_lr5e-5,13,127,0.95115,0.0445,0.2794
qwen3-4b,singlev_layers10-25_lr5e-5,14,127,0.95282,0.04303,0.28
qwen3-4b,singlev_layers10-25_lr5e-5,15,127,0.95006,0.05469,0.2831
qwen3-4b,singlev_layers10-25_lr5e-5,16,127,0.94989,0.04821,0.285
qwen3-4b,singlev_layers10-25_lr5e-5,17,127,0.95084,0.05428,0.2797
qwen3-4b,singlev_layers10-25_lr5e-5,18,127,0.95126,0.05345,0.2823
qwen3-4b,singlev_layers10-25_lr5e-5,19,127,0.95255,0.04357,0.2788
qwen3-4b,singlev_layers10-25_lr5e-5,20,127,0.95103,0.05096,0.2763
qwen3-4b,singlev_layers10-25_lr5e-5,21,127,0.95006,0.05234,0.2787
qwen3-4b,singlev_layers10-25_lr5e-5,22,127,0.95171,0.06057,0.2777
qwen3-4b,singlev_layers10-25_lr5e-5,23,127,0.95103,0.05423,0.2813
qwen3-4b,singlev_layers10-25_lr5e-5,24,127,0.95005,0.0601,0.2694
qwen3-4b,singlev_layers10-25_lr5e-5,25,127,0.95211,0.05405,0.2721
qwen3-4b,singlev_layers10-25_lr5e-5,10,133,0.94994,0.04777,0.289
qwen3-4b,singlev_layers10-25_lr5e-5,11,133,0.95193,0.04993,0.2877
qwen3-4b,singlev_layers10-25_lr5e-5,12,133,0.95133,0.04942,0.2884
qwen3-4b,singlev_layers10-25_lr5e-5,13,133,0.951,0.04458,0.2904
qwen3-4b,singlev_layers10-25_lr5e-5,14,133,0.95265,0.04314,0.2908
qwen3-4b,singlev_layers10-25_lr5e-5,15,133,0.94994,0.05475,0.294
qwen3-4b,singlev_layers10-25_lr5e-5,16,133,0.94978,0.04809,0.2959
qwen3-4b,singlev_layers10-25_lr5e-5,17,133,0.95077,0.05441,0.2902
qwen3-4b,singlev_layers10-25_lr5e-5,18,133,0.95113,0.05369,0.2929
qwen3-4b,singlev_layers10-25_lr5e-5,19,133,0.95244,0.04364,0.2893
qwen3-4b,singlev_layers10-25_lr5e-5,20,133,0.95099,0.05076,0.2864
qwen3-4b,singlev_layers10-25_lr5e-5,21,133,0.94993,0.05226,0.2892
qwen3-4b,singlev_layers10-25_lr5e-5,22,133,0.95157,0.0602,0.2881
qwen3-4b,singlev_layers10-25_lr5e-5,23,133,0.95086,0.05404,0.2922
qwen3-4b,singlev_layers10-25_lr5e-5,24,133,0.9498,0.06011,0.2792
qwen3-4b,singlev_layers10-25_lr5e-5,25,133,0.95183,0.05412,0.2824
qwen3-4b,singlev_layers10-25_lr5e-5,10,139,0.94988,0.04763,0.2991
qwen3-4b,singlev_layers10-25_lr5e-5,11,139,0.95184,0.04995,0.2979
qwen3-4b,singlev_layers10-25_lr5e-5,12,139,0.95123,0.04927,0.2987
qwen3-4b,singlev_layers10-25_lr5e-5,13,139,0.95087,0.04468,0.3008
qwen3-4b,singlev_layers10-25_lr5e-5,14,139,0.9525,0.04325,0.3011
qwen3-4b,singlev_layers10-25_lr5e-5,15,139,0.94984,0.05477,0.3044
qwen3-4b,singlev_layers10-25_lr5e-5,16,139,0.9497,0.04797,0.3063
qwen3-4b,singlev_layers10-25_lr5e-5,17,139,0.95071,0.05455,0.3001
qwen3-4b,singlev_layers10-25_lr5e-5,18,139,0.951,0.05395,0.3029
qwen3-4b,singlev_layers10-25_lr5e-5,19,139,0.95234,0.04371,0.2993
qwen3-4b,singlev_layers10-25_lr5e-5,20,139,0.95098,0.05054,0.296
qwen3-4b,singlev_layers10-25_lr5e-5,21,139,0.94982,0.05216,0.2994
qwen3-4b,singlev_layers10-25_lr5e-5,22,139,0.95144,0.05986,0.298
qwen3-4b,singlev_layers10-25_lr5e-5,23,139,0.95072,0.05387,0.3026
qwen3-4b,singlev_layers10-25_lr5e-5,24,139,0.94958,0.06012,0.2886
qwen3-4b,singlev_layers10-25_lr5e-5,25,139,0.95157,0.05419,0.2924
qwen3-4b,singlev_layers10-25_lr5e-5,10,145,0.94982,0.04744,0.3086
qwen3-4b,singlev_layers10-25_lr5e-5,11,145,0.95175,0.04996,0.3076
qwen3-4b,singlev_layers10-25_lr5e-5,12,145,0.95116,0.04911,0.3086
qwen3-4b,singlev_layers10-25_lr5e-5,13,145,0.95074,0.04479,0.3107
qwen3-4b,singlev_layers10-25_lr5e-5,14,145,0.95236,0.04335,0.3109
qwen3-4b,singlev_layers10-25_lr5e-5,15,145,0.94974,0.05477,0.3142
qwen3-4b,singlev_layers10-25_lr5e-5,16,145,0.94963,0.04783,0.3163
qwen3-4b,singlev_layers10-25_lr5e-5,17,145,0.95065,0.05472,0.3095
qwen3-4b,singlev_layers10-25_lr5e-5,18,145,0.9509,0.05425,0.3125
qwen3-4b,singlev_layers10-25_lr5e-5,19,145,0.95226,0.04382,0.3089
qwen3-4b,singlev_layers10-25_lr5e-5,20,145,0.95096,0.05032,0.3052
qwen3-4b,singlev_layers10-25_lr5e-5,21,145,0.94973,0.05205,0.309
qwen3-4b,singlev_layers10-25_lr5e-5,22,145,0.95135,0.05954,0.3074
qwen3-4b,singlev_layers10-25_lr5e-5,23,145,0.9506,0.0537,0.3126
qwen3-4b,singlev_layers10-25_lr5e-5,24,145,0.94939,0.06012,0.2976
qwen3-4b,singlev_layers10-25_lr5e-5,25,145,0.95134,0.05427,0.3019
qwen3-4b,singlev_layers10-25_lr5e-5,10,151,0.94977,0.04726,0.3177
qwen3-4b,singlev_layers10-25_lr5e-5,11,151,0.95167,0.05001,0.3168
qwen3-4b,singlev_layers10-25_lr5e-5,12,151,0.95108,0.04896,0.318
qwen3-4b,singlev_layers10-25_lr5e-5,13,151,0.95063,0.04492,0.3201
qwen3-4b,singlev_layers10-25_lr5e-5,14,151,0.95224,0.04344,0.3202
qwen3-4b,singlev_layers10-25_lr5e-5,15,151,0.94966,0.05474,0.3235
qwen3-4b,singlev_layers10-25_lr5e-5,16,151,0.94958,0.04771,0.3256
qwen3-4b,singlev_layers10-25_lr5e-5,17,151,0.9506,0.05492,0.3184
qwen3-4b,singlev_layers10-25_lr5e-5,18,151,0.9508,0.05455,0.3215
qwen3-4b,singlev_layers10-25_lr5e-5,19,151,0.95218,0.04395,0.3179
qwen3-4b,singlev_layers10-25_lr5e-5,20,151,0.95096,0.05009,0.3139
qwen3-4b,singlev_layers10-25_lr5e-5,21,151,0.94966,0.05194,0.3182
qwen3-4b,singlev_layers10-25_lr5e-5,22,151,0.95126,0.05921,0.3164
qwen3-4b,singlev_layers10-25_lr5e-5,23,151,0.9505,0.05357,0.3221
qwen3-4b,singlev_layers10-25_lr5e-5,24,151,0.94923,0.06012,0.3062
qwen3-4b,singlev_layers10-25_lr5e-5,25,151,0.95113,0.05435,0.311
qwen3-4b,singlev_layers10-25_lr5e-5,10,157,0.94973,0.04709,0.3262
qwen3-4b,singlev_layers10-25_lr5e-5,11,157,0.95159,0.05006,0.3256
qwen3-4b,singlev_layers10-25_lr5e-5,12,157,0.95102,0.04879,0.3268
qwen3-4b,singlev_layers10-25_lr5e-5,13,157,0.95053,0.04507,0.329
qwen3-4b,singlev_layers10-25_lr5e-5,14,157,0.95213,0.04352,0.329
qwen3-4b,singlev_layers10-25_lr5e-5,15,157,0.94959,0.05469,0.3323
qwen3-4b,singlev_layers10-25_lr5e-5,16,157,0.94954,0.0476,0.3345
qwen3-4b,singlev_layers10-25_lr5e-5,17,157,0.95056,0.05517,0.3267
qwen3-4b,singlev_layers10-25_lr5e-5,18,157,0.95072,0.05487,0.33
qwen3-4b,singlev_layers10-25_lr5e-5,19,157,0.9521,0.04409,0.3265
qwen3-4b,singlev_layers10-25_lr5e-5,20,157,0.95097,0.04985,0.3222
qwen3-4b,singlev_layers10-25_lr5e-5,21,157,0.9496,0.05183,0.3269
qwen3-4b,singlev_layers10-25_lr5e-5,22,157,0.9512,0.05889,0.3249
qwen3-4b,singlev_layers10-25_lr5e-5,23,157,0.9504,0.05347,0.3312
qwen3-4b,singlev_layers10-25_lr5e-5,24,157,0.9491,0.06015,0.3143
qwen3-4b,singlev_layers10-25_lr5e-5,25,157,0.95095,0.05443,0.3197
qwen3-4b,singlev_layers10-25_lr5e-5,10,163,0.94969,0.04694,0.3343
qwen3-4b,singlev_layers10-25_lr5e-5,11,163,0.95152,0.0501,0.3339
qwen3-4b,singlev_layers10-25_lr5e-5,12,163,0.95098,0.04861,0.3353
qwen3-4b,singlev_layers10-25_lr5e-5,13,163,0.95043,0.04525,0.3375
qwen3-4b,singlev_layers10-25_lr5e-5,14,163,0.95202,0.04358,0.3373
qwen3-4b,singlev_layers10-25_lr5e-5,15,163,0.94952,0.05462,0.3406
qwen3-4b,singlev_layers10-25_lr5e-5,16,163,0.9495,0.04751,0.3428
qwen3-4b,singlev_layers10-25_lr5e-5,17,163,0.95052,0.05542,0.3346
qwen3-4b,singlev_layers10-25_lr5e-5,18,163,0.95064,0.05518,0.3381
qwen3-4b,singlev_layers10-25_lr5e-5,19,163,0.95204,0.04422,0.3346
qwen3-4b,singlev_layers10-25_lr5e-5,20,163,0.95097,0.04963,0.3299
qwen3-4b,singlev_layers10-25_lr5e-5,21,163,0.94955,0.05172,0.3352
qwen3-4b,singlev_layers10-25_lr5e-5,22,163,0.95115,0.05856,0.333
qwen3-4b,singlev_layers10-25_lr5e-5,23,163,0.95032,0.05337,0.3398
qwen3-4b,singlev_layers10-25_lr5e-5,24,163,0.94899,0.06019,0.3221
qwen3-4b,singlev_layers10-25_lr5e-5,25,163,0.9508,0.05451,0.328
qwen3-4b,singlev_layers10-25_lr5e-5,10,169,0.94965,0.04679,0.3419
qwen3-4b,singlev_layers10-25_lr5e-5,11,169,0.95146,0.05015,0.3418
qwen3-4b,singlev_layers10-25_lr5e-5,12,169,0.95094,0.04845,0.3433
qwen3-4b,singlev_layers10-25_lr5e-5,13,169,0.95033,0.04545,0.3455
qwen3-4b,singlev_layers10-25_lr5e-5,14,169,0.95193,0.04365,0.3451
qwen3-4b,singlev_layers10-25_lr5e-5,15,169,0.94945,0.05454,0.3484
qwen3-4b,singlev_layers10-25_lr5e-5,16,169,0.94947,0.0474,0.3507
qwen3-4b,singlev_layers10-25_lr5e-5,17,169,0.95049,0.05569,0.342
qwen3-4b,singlev_layers10-25_lr5e-5,18,169,0.95057,0.05551,0.3456
qwen3-4b,singlev_layers10-25_lr5e-5,19,169,0.95198,0.04435,0.3423
qwen3-4b,singlev_layers10-25_lr5e-5,20,169,0.95098,0.04942,0.3373
qwen3-4b,singlev_layers10-25_lr5e-5,21,169,0.94952,0.05161,0.343
qwen3-4b,singlev_layers10-25_lr5e-5,22,169,0.95113,0.05823,0.3405
qwen3-4b,singlev_layers10-25_lr5e-5,23,169,0.95025,0.05329,0.3479
qwen3-4b,singlev_layers10-25_lr5e-5,24,169,0.94888,0.06021,0.3294
qwen3-4b,singlev_layers10-25_lr5e-5,25,169,0.95067,0.0546,0.3359
qwen3-4b,singlev_layers10-25_lr5e-5,10,175,0.94963,0.04666,0.3492
qwen3-4b,singlev_layers10-25_lr5e-5,11,175,0.95139,0.0502,0.3494
qwen3-4b,singlev_layers10-25_lr5e-5,12,175,0.95091,0.04829,0.351
qwen3-4b,singlev_layers10-25_lr5e-5,13,175,0.95024,0.04565,0.3532
qwen3-4b,singlev_layers10-25_lr5e-5,14,175,0.95184,0.04368,0.3526
qwen3-4b,singlev_layers10-25_lr5e-5,15,175,0.94939,0.05445,0.3559
qwen3-4b,singlev_layers10-25_lr5e-5,16,175,0.94946,0.04728,0.3581
qwen3-4b,singlev_layers10-25_lr5e-5,17,175,0.95046,0.05591,0.349
qwen3-4b,singlev_layers10-25_lr5e-5,18,175,0.9505,0.0558,0.3528
qwen3-4b,singlev_layers10-25_lr5e-5,19,175,0.95192,0.04444,0.3495
qwen3-4b,singlev_layers10-25_lr5e-5,20,175,0.95098,0.04919,0.3443
qwen3-4b,singlev_layers10-25_lr5e-5,21,175,0.94949,0.05148,0.3504
qwen3-4b,singlev_layers10-25_lr5e-5,22,175,0.95111,0.05789,0.3477
qwen3-4b,singlev_layers10-25_lr5e-5,23,175,0.95019,0.05322,0.3557
qwen3-4b,singlev_layers10-25_lr5e-5,24,175,0.94882,0.06025,0.3364
qwen3-4b,singlev_layers10-25_lr5e-5,25,175,0.95056,0.05469,0.3435
qwen3-4b,singlev_layers10-25_lr5e-5,10,181,0.94961,0.04653,0.356
qwen3-4b,singlev_layers10-25_lr5e-5,11,181,0.95134,0.05026,0.3566
qwen3-4b,singlev_layers10-25_lr5e-5,12,181,0.95088,0.04811,0.3582
qwen3-4b,singlev_layers10-25_lr5e-5,13,181,0.95017,0.04583,0.3603
qwen3-4b,singlev_layers10-25_lr5e-5,14,181,0.95177,0.04369,0.3597
qwen3-4b,singlev_layers10-25_lr5e-5,15,181,0.94934,0.05435,0.3629
qwen3-4b,singlev_layers10-25_lr5e-5,16,181,0.94945,0.04715,0.3651
qwen3-4b,singlev_layers10-25_lr5e-5,17,181,0.95044,0.05611,0.3554
qwen3-4b,singlev_layers10-25_lr5e-5,18,181,0.95045,0.05606,0.3595
qwen3-4b,singlev_layers10-25_lr5e-5,19,181,0.95187,0.04454,0.3563
qwen3-4b,singlev_layers10-25_lr5e-5,20,181,0.95099,0.04895,0.3508
qwen3-4b,singlev_layers10-25_lr5e-5,21,181,0.94946,0.05135,0.3573
qwen3-4b,singlev_layers10-25_lr5e-5,22,181,0.95111,0.05755,0.3544
qwen3-4b,singlev_layers10-25_lr5e-5,23,181,0.95014,0.05318,0.3629
qwen3-4b,singlev_layers10-25_lr5e-5,24,181,0.94876,0.06027,0.343
qwen3-4b,singlev_layers10-25_lr5e-5,25,181,0.95046,0.05479,0.3505
qwen3-4b,singlev_layers10-25_lr5e-5,10,187,0.9496,0.04641,0.3625
qwen3-4b,singlev_layers10-25_lr5e-5,11,187,0.95128,0.05033,0.3634
qwen3-4b,singlev_layers10-25_lr5e-5,12,187,0.95087,0.04792,0.3651
qwen3-4b,singlev_layers10-25_lr5e-5,13,187,0.95009,0.04603,0.3672
qwen3-4b,singlev_layers10-25_lr5e-5,14,187,0.95171,0.04369,0.3663
qwen3-4b,singlev_layers10-25_lr5e-5,15,187,0.9493,0.05424,0.3695
qwen3-4b,singlev_layers10-25_lr5e-5,16,187,0.94944,0.04704,0.3716
qwen3-4b,singlev_layers10-25_lr5e-5,17,187,0.95043,0.05631,0.3615
qwen3-4b,singlev_layers10-25_lr5e-5,18,187,0.95039,0.05633,0.3657
qwen3-4b,singlev_layers10-25_lr5e-5,19,187,0.95182,0.04465,0.3626
qwen3-4b,singlev_layers10-25_lr5e-5,20,187,0.95099,0.04873,0.357
qwen3-4b,singlev_layers10-25_lr5e-5,21,187,0.94945,0.0512,0.3639
qwen3-4b,singlev_layers10-25_lr5e-5,22,187,0.95111,0.05724,0.3607
qwen3-4b,singlev_layers10-25_lr5e-5,23,187,0.95011,0.05315,0.3697
qwen3-4b,singlev_layers10-25_lr5e-5,24,187,0.94873,0.0603,0.3492
qwen3-4b,singlev_layers10-25_lr5e-5,25,187,0.95037,0.05489,0.3572
qwen3-4b,singlev_layers10-25_lr5e-5,10,193,0.94958,0.04631,0.3687
qwen3-4b,singlev_layers10-25_lr5e-5,11,193,0.95123,0.0504,0.37
qwen3-4b,singlev_layers10-25_lr5e-5,12,193,0.95086,0.04775,0.3717
qwen3-4b,singlev_layers10-25_lr5e-5,13,193,0.95002,0.04624,0.3736
qwen3-4b,singlev_layers10-25_lr5e-5,14,193,0.95164,0.04368,0.3726
qwen3-4b,singlev_layers10-25_lr5e-5,15,193,0.94926,0.05414,0.3757
qwen3-4b,singlev_layers10-25_lr5e-5,16,193,0.94944,0.04692,0.3777
qwen3-4b,singlev_layers10-25_lr5e-5,17,193,0.95041,0.05649,0.3672
qwen3-4b,singlev_layers10-25_lr5e-5,18,193,0.95035,0.05658,0.3716
qwen3-4b,singlev_layers10-25_lr5e-5,19,193,0.95178,0.04474,0.3686
qwen3-4b,singlev_layers10-25_lr5e-5,20,193,0.951,0.04849,0.3627
qwen3-4b,singlev_layers10-25_lr5e-5,21,193,0.94944,0.05103,0.3699
qwen3-4b,singlev_layers10-25_lr5e-5,22,193,0.95112,0.05693,0.3666
qwen3-4b,singlev_layers10-25_lr5e-5,23,193,0.95008,0.05312,0.3761
qwen3-4b,singlev_layers10-25_lr5e-5,24,193,0.94869,0.06033,0.3551
qwen3-4b,singlev_layers10-25_lr5e-5,25,193,0.95031,0.05499,0.3636
qwen3-4b,singlev_layers10-25_lr5e-5,10,199,0.94956,0.0462,0.3745
qwen3-4b,singlev_layers10-25_lr5e-5,11,199,0.95118,0.05047,0.3761
qwen3-4b,singlev_layers10-25_lr5e-5,12,199,0.95086,0.04756,0.3779
qwen3-4b,singlev_layers10-25_lr5e-5,13,199,0.94996,0.04646,0.3796
qwen3-4b,singlev_layers10-25_lr5e-5,14,199,0.9516,0.04366,0.3785
qwen3-4b,singlev_layers10-25_lr5e-5,15,199,0.94922,0.05404,0.3815
qwen3-4b,singlev_layers10-25_lr5e-5,16,199,0.94945,0.04681,0.3833
qwen3-4b,singlev_layers10-25_lr5e-5,17,199,0.95041,0.05665,0.3724
qwen3-4b,singlev_layers10-25_lr5e-5,18,199,0.95031,0.05681,0.377
qwen3-4b,singlev_layers10-25_lr5e-5,19,199,0.95173,0.04483,0.3742
qwen3-4b,singlev_layers10-25_lr5e-5,20,199,0.95101,0.04825,0.3681
qwen3-4b,singlev_layers10-25_lr5e-5,21,199,0.94944,0.05086,0.3756
qwen3-4b,singlev_layers10-25_lr5e-5,22,199,0.95113,0.05665,0.3721
qwen3-4b,singlev_layers10-25_lr5e-5,23,199,0.95005,0.0531,0.382
qwen3-4b,singlev_layers10-25_lr5e-5,24,199,0.94868,0.06037,0.3606
qwen3-4b,singlev_layers10-25_lr5e-5,25,199,0.95024,0.05509,0.3695
qwen3-4b,singlev_layers10-25_lr5e-5,10,205,0.94955,0.04609,0.3802
qwen3-4b,singlev_layers10-25_lr5e-5,11,205,0.95112,0.05052,0.3822
qwen3-4b,singlev_layers10-25_lr5e-5,12,205,0.95086,0.04738,0.3839
qwen3-4b,singlev_layers10-25_lr5e-5,13,205,0.9499,0.04668,0.3855
qwen3-4b,singlev_layers10-25_lr5e-5,14,205,0.95155,0.04363,0.3841
qwen3-4b,singlev_layers10-25_lr5e-5,15,205,0.94919,0.05393,0.3871
qwen3-4b,singlev_layers10-25_lr5e-5,16,205,0.94946,0.0467,0.3887
qwen3-4b,singlev_layers10-25_lr5e-5,17,205,0.9504,0.05679,0.3774
qwen3-4b,singlev_layers10-25_lr5e-5,18,205,0.95028,0.05702,0.3821
qwen3-4b,singlev_layers10-25_lr5e-5,19,205,0.95169,0.04492,0.3794
qwen3-4b,singlev_layers10-25_lr5e-5,20,205,0.95102,0.04802,0.3732
qwen3-4b,singlev_layers10-25_lr5e-5,21,205,0.94943,0.05071,0.3809
qwen3-4b,singlev_layers10-25_lr5e-5,22,205,0.95115,0.05639,0.3772
qwen3-4b,singlev_layers10-25_lr5e-5,23,205,0.95003,0.05307,0.3876
qwen3-4b,singlev_layers10-25_lr5e-5,24,205,0.94867,0.06041,0.3658
qwen3-4b,singlev_layers10-25_lr5e-5,25,205,0.95018,0.05515,0.3752
qwen3-4b,singlev_layers10-25_lr5e-5,10,211,0.94954,0.04599,0.3856
qwen3-4b,singlev_layers10-25_lr5e-5,11,211,0.95106,0.05057,0.3879
qwen3-4b,singlev_layers10-25_lr5e-5,12,211,0.95085,0.04721,0.3896
qwen3-4b,singlev_layers10-25_lr5e-5,13,211,0.94983,0.04692,0.3911
qwen3-4b,singlev_layers10-25_lr5e-5,14,211,0.9515,0.04359,0.3895
qwen3-4b,singlev_layers10-25_lr5e-5,15,211,0.94915,0.05383,0.3924
qwen3-4b,singlev_layers10-25_lr5e-5,16,211,0.94947,0.0466,0.3937
qwen3-4b,singlev_layers10-25_lr5e-5,17,211,0.95039,0.05694,0.3819
qwen3-4b,singlev_layers10-25_lr5e-5,18,211,0.95025,0.05721,0.3868
qwen3-4b,singlev_layers10-25_lr5e-5,19,211,0.95165,0.045,0.3843
qwen3-4b,singlev_layers10-25_lr5e-5,20,211,0.95103,0.04781,0.3779
qwen3-4b,singlev_layers10-25_lr5e-5,21,211,0.94943,0.05055,0.3859
qwen3-4b,singlev_layers10-25_lr5e-5,22,211,0.95117,0.05615,0.382
qwen3-4b,singlev_layers10-25_lr5e-5,23,211,0.95001,0.05304,0.3927
qwen3-4b,singlev_layers10-25_lr5e-5,24,211,0.94866,0.06043,0.3707
qwen3-4b,singlev_layers10-25_lr5e-5,25,211,0.95012,0.05521,0.3804
qwen3-4b,singlev_layers10-25_lr5e-5,10,217,0.94953,0.04588,0.3908
qwen3-4b,singlev_layers10-25_lr5e-5,11,217,0.95101,0.05063,0.3934
qwen3-4b,singlev_layers10-25_lr5e-5,12,217,0.95084,0.04705,0.3951
qwen3-4b,singlev_layers10-25_lr5e-5,13,217,0.94976,0.04717,0.3963
qwen3-4b,singlev_layers10-25_lr5e-5,14,217,0.95146,0.04354,0.3945
qwen3-4b,singlev_layers10-25_lr5e-5,15,217,0.94913,0.05371,0.3973
qwen3-4b,singlev_layers10-25_lr5e-5,16,217,0.94948,0.04652,0.3983
qwen3-4b,singlev_layers10-25_lr5e-5,17,217,0.95039,0.05707,0.3861
qwen3-4b,singlev_layers10-25_lr5e-5,18,217,0.95022,0.0574,0.3912
qwen3-4b,singlev_layers10-25_lr5e-5,19,217,0.9516,0.04508,0.3888
qwen3-4b,singlev_layers10-25_lr5e-5,20,217,0.95103,0.04761,0.3822
qwen3-4b,singlev_layers10-25_lr5e-5,21,217,0.94943,0.05038,0.3904
qwen3-4b,singlev_layers10-25_lr5e-5,22,217,0.95119,0.05591,0.3863
qwen3-4b,singlev_layers10-25_lr5e-5,23,217,0.95,0.05301,0.3975
qwen3-4b,singlev_layers10-25_lr5e-5,24,217,0.94867,0.06045,0.3752
qwen3-4b,singlev_layers10-25_lr5e-5,25,217,0.95007,0.05526,0.3853
qwen3-4b,singlev_layers10-25_lr5e-5,10,223,0.94952,0.04577,0.3957
qwen3-4b,singlev_layers10-25_lr5e-5,11,223,0.95096,0.05068,0.3987
qwen3-4b,singlev_layers10-25_lr5e-5,12,223,0.95083,0.04689,0.4003
qwen3-4b,singlev_layers10-25_lr5e-5,13,223,0.9497,0.04742,0.4013
qwen3-4b,singlev_layers10-25_lr5e-5,14,223,0.95144,0.04348,0.3993
qwen3-4b,singlev_layers10-25_lr5e-5,15,223,0.9491,0.05362,0.402
qwen3-4b,singlev_layers10-25_lr5e-5,16,223,0.94949,0.04644,0.4026
qwen3-4b,singlev_layers10-25_lr5e-5,17,223,0.95039,0.0572,0.39
qwen3-4b,singlev_layers10-25_lr5e-5,18,223,0.9502,0.05757,0.3953
qwen3-4b,singlev_layers10-25_lr5e-5,19,223,0.95156,0.04517,0.393
qwen3-4b,singlev_layers10-25_lr5e-5,20,223,0.95104,0.04743,0.3862
qwen3-4b,singlev_layers10-25_lr5e-5,21,223,0.94944,0.05021,0.3946
qwen3-4b,singlev_layers10-25_lr5e-5,22,223,0.95122,0.05569,0.3903
qwen3-4b,singlev_layers10-25_lr5e-5,23,223,0.95,0.053,0.4019
qwen3-4b,singlev_layers10-25_lr5e-5,24,223,0.94868,0.06046,0.3794
qwen3-4b,singlev_layers10-25_lr5e-5,25,223,0.95004,0.0553,0.3899
qwen3-4b,singlev_layers10-25_lr5e-5,10,229,0.94951,0.04567,0.4006
qwen3-4b,singlev_layers10-25_lr5e-5,11,229,0.95091,0.05074,0.4038
qwen3-4b,singlev_layers10-25_lr5e-5,12,229,0.95083,0.04673,0.4053
qwen3-4b,singlev_layers10-25_lr5e-5,13,229,0.94965,0.04768,0.4062
qwen3-4b,singlev_layers10-25_lr5e-5,14,229,0.95141,0.04343,0.4039
qwen3-4b,singlev_layers10-25_lr5e-5,15,229,0.94908,0.05353,0.4065
qwen3-4b,singlev_layers10-25_lr5e-5,16,229,0.9495,0.04638,0.4067
qwen3-4b,singlev_layers10-25_lr5e-5,17,229,0.95039,0.05732,0.3937
qwen3-4b,singlev_layers10-25_lr5e-5,18,229,0.95018,0.05774,0.3991
qwen3-4b,singlev_layers10-25_lr5e-5,19,229,0.95152,0.04526,0.397
qwen3-4b,singlev_layers10-25_lr5e-5,20,229,0.95104,0.04726,0.39
qwen3-4b,singlev_layers10-25_lr5e-5,21,229,0.94944,0.05004,0.3985
qwen3-4b,singlev_layers10-25_lr5e-5,22,229,0.95125,0.05548,0.3941
qwen3-4b,singlev_layers10-25_lr5e-5,23,229,0.94999,0.05297,0.406
qwen3-4b,singlev_layers10-25_lr5e-5,24,229,0.94869,0.06046,0.3834
qwen3-4b,singlev_layers10-25_lr5e-5,25,229,0.95,0.05535,0.3943
qwen3-4b,singlev_layers10-25_lr5e-5,10,235,0.9495,0.04558,0.4052
qwen3-4b,singlev_layers10-25_lr5e-5,11,235,0.95085,0.05079,0.4088
qwen3-4b,singlev_layers10-25_lr5e-5,12,235,0.95083,0.04658,0.4102
qwen3-4b,singlev_layers10-25_lr5e-5,13,235,0.94959,0.04796,0.4108
qwen3-4b,singlev_layers10-25_lr5e-5,14,235,0.95138,0.04337,0.4083
qwen3-4b,singlev_layers10-25_lr5e-5,15,235,0.94906,0.05345,0.4107
qwen3-4b,singlev_layers10-25_lr5e-5,16,235,0.94952,0.04633,0.4105
qwen3-4b,singlev_layers10-25_lr5e-5,17,235,0.95038,0.05743,0.3971
qwen3-4b,singlev_layers10-25_lr5e-5,18,235,0.95016,0.05791,0.4026
qwen3-4b,singlev_layers10-25_lr5e-5,19,235,0.95148,0.04534,0.4006
qwen3-4b,singlev_layers10-25_lr5e-5,20,235,0.95105,0.0471,0.3934
qwen3-4b,singlev_layers10-25_lr5e-5,21,235,0.94945,0.04987,0.4021
qwen3-4b,singlev_layers10-25_lr5e-5,22,235,0.95127,0.05527,0.3976
qwen3-4b,singlev_layers10-25_lr5e-5,23,235,0.95,0.05293,0.4097
qwen3-4b,singlev_layers10-25_lr5e-5,24,235,0.94871,0.06044,0.3871
qwen3-4b,singlev_layers10-25_lr5e-5,25,235,0.94998,0.05538,0.3984
qwen3-4b,singlev_layers10-25_lr5e-5,10,241,0.94949,0.04551,0.4097
qwen3-4b,singlev_layers10-25_lr5e-5,11,241,0.9508,0.05085,0.4136
qwen3-4b,singlev_layers10-25_lr5e-5,12,241,0.95083,0.04645,0.4149
qwen3-4b,singlev_layers10-25_lr5e-5,13,241,0.94954,0.04826,0.4152
qwen3-4b,singlev_layers10-25_lr5e-5,14,241,0.95136,0.0433,0.4125
qwen3-4b,singlev_layers10-25_lr5e-5,15,241,0.94904,0.05338,0.4148
qwen3-4b,singlev_layers10-25_lr5e-5,16,241,0.94953,0.0463,0.414
qwen3-4b,singlev_layers10-25_lr5e-5,17,241,0.95039,0.05754,0.4002
qwen3-4b,singlev_layers10-25_lr5e-5,18,241,0.95014,0.05808,0.4058
qwen3-4b,singlev_layers10-25_lr5e-5,19,241,0.95144,0.04543,0.404
qwen3-4b,singlev_layers10-25_lr5e-5,20,241,0.95105,0.04695,0.3967
qwen3-4b,singlev_layers10-25_lr5e-5,21,241,0.94946,0.0497,0.4054
qwen3-4b,singlev_layers10-25_lr5e-5,22,241,0.95129,0.05506,0.4008
qwen3-4b,singlev_layers10-25_lr5e-5,23,241,0.95,0.05289,0.4132
qwen3-4b,singlev_layers10-25_lr5e-5,24,241,0.94873,0.06043,0.3906
qwen3-4b,singlev_layers10-25_lr5e-5,25,241,0.94995,0.05541,0.4021
qwen3-4b,singlev_layers10-25_lr5e-5,10,247,0.94948,0.04544,0.4141
qwen3-4b,singlev_layers10-25_lr5e-5,11,247,0.95074,0.0509,0.4183
qwen3-4b,singlev_layers10-25_lr5e-5,12,247,0.95082,0.04632,0.4194
qwen3-4b,singlev_layers10-25_lr5e-5,13,247,0.94948,0.04855,0.4194
qwen3-4b,singlev_layers10-25_lr5e-5,14,247,0.95134,0.04322,0.4165
qwen3-4b,singlev_layers10-25_lr5e-5,15,247,0.94902,0.05331,0.4186
qwen3-4b,singlev_layers10-25_lr5e-5,16,247,0.94955,0.04628,0.4173
qwen3-4b,singlev_layers10-25_lr5e-5,17,247,0.95038,0.05762,0.4031
qwen3-4b,singlev_layers10-25_lr5e-5,18,247,0.95013,0.05823,0.4088
qwen3-4b,singlev_layers10-25_lr5e-5,19,247,0.9514,0.04551,0.4071
qwen3-4b,singlev_layers10-25_lr5e-5,20,247,0.95105,0.04681,0.3996
qwen3-4b,singlev_layers10-25_lr5e-5,21,247,0.94947,0.04952,0.4084
qwen3-4b,singlev_layers10-25_lr5e-5,22,247,0.95133,0.05483,0.4037
qwen3-4b,singlev_layers10-25_lr5e-5,23,247,0.95002,0.05283,0.4164
qwen3-4b,singlev_layers10-25_lr5e-5,24,247,0.94875,0.06039,0.3938
qwen3-4b,singlev_layers10-25_lr5e-5,25,247,0.94992,0.05542,0.4057
qwen3-4b,singlev_layers10-25_lr5e-5,10,253,0.94947,0.04537,0.4184
qwen3-4b,singlev_layers10-25_lr5e-5,11,253,0.95069,0.05095,0.4228
qwen3-4b,singlev_layers10-25_lr5e-5,12,253,0.95082,0.04617,0.4238
qwen3-4b,singlev_layers10-25_lr5e-5,13,253,0.94943,0.04884,0.4235
qwen3-4b,singlev_layers10-25_lr5e-5,14,253,0.95132,0.04315,0.4204
qwen3-4b,singlev_layers10-25_lr5e-5,15,253,0.94901,0.05325,0.4223
qwen3-4b,singlev_layers10-25_lr5e-5,16,253,0.94956,0.04625,0.4204
qwen3-4b,singlev_layers10-25_lr5e-5,17,253,0.95037,0.05771,0.4058
qwen3-4b,singlev_layers10-25_lr5e-5,18,253,0.95011,0.05837,0.4116
qwen3-4b,singlev_layers10-25_lr5e-5,19,253,0.95136,0.04558,0.4101
qwen3-4b,singlev_layers10-25_lr5e-5,20,253,0.95104,0.04668,0.4024
qwen3-4b,singlev_layers10-25_lr5e-5,21,253,0.94949,0.04934,0.4113
qwen3-4b,singlev_layers10-25_lr5e-5,22,253,0.95136,0.05461,0.4064
qwen3-4b,singlev_layers10-25_lr5e-5,23,253,0.95003,0.05277,0.4193
qwen3-4b,singlev_layers10-25_lr5e-5,24,253,0.94877,0.06035,0.3969
qwen3-4b,singlev_layers10-25_lr5e-5,25,253,0.9499,0.05544,0.4091
qwen3-4b,singlev_layers10-25_lr5e-5,10,259,0.94947,0.04531,0.4225
qwen3-4b,singlev_layers10-25_lr5e-5,11,259,0.95063,0.05101,0.4273
qwen3-4b,singlev_layers10-25_lr5e-5,12,259,0.95082,0.04603,0.4281
qwen3-4b,singlev_layers10-25_lr5e-5,13,259,0.94938,0.04912,0.4275
qwen3-4b,singlev_layers10-25_lr5e-5,14,259,0.9513,0.04308,0.4242
qwen3-4b,singlev_layers10-25_lr5e-5,15,259,0.949,0.05321,0.4259
qwen3-4b,singlev_layers10-25_lr5e-5,16,259,0.94957,0.04623,0.4233
qwen3-4b,singlev_layers10-25_lr5e-5,17,259,0.95038,0.05781,0.4084
qwen3-4b,singlev_layers10-25_lr5e-5,18,259,0.9501,0.0585,0.4142
qwen3-4b,singlev_layers10-25_lr5e-5,19,259,0.95131,0.04565,0.4129
qwen3-4b,singlev_layers10-25_lr5e-5,20,259,0.95105,0.04659,0.405
qwen3-4b,singlev_layers10-25_lr5e-5,21,259,0.9495,0.04916,0.414
qwen3-4b,singlev_layers10-25_lr5e-5,22,259,0.95138,0.0544,0.409
qwen3-4b,singlev_layers10-25_lr5e-5,23,259,0.95005,0.05272,0.422
qwen3-4b,singlev_layers10-25_lr5e-5,24,259,0.94879,0.06032,0.3999
qwen3-4b,singlev_layers10-25_lr5e-5,25,259,0.94988,0.05546,0.4122
qwen3-4b,singlev_layers10-25_lr5e-5,10,265,0.94945,0.04522,0.4265
qwen3-4b,singlev_layers10-25_lr5e-5,11,265,0.95057,0.05107,0.4315
qwen3-4b,singlev_layers10-25_lr5e-5,12,265,0.95081,0.0459,0.4322
qwen3-4b,singlev_layers10-25_lr5e-5,13,265,0.94933,0.04941,0.4313
qwen3-4b,singlev_layers10-25_lr5e-5,14,265,0.95129,0.04301,0.4277
qwen3-4b,singlev_layers10-25_lr5e-5,15,265,0.94899,0.05317,0.4292
qwen3-4b,singlev_layers10-25_lr5e-5,16,265,0.94959,0.04621,0.4261
qwen3-4b,singlev_layers10-25_lr5e-5,17,265,0.95038,0.0579,0.4107
qwen3-4b,singlev_layers10-25_lr5e-5,18,265,0.95008,0.05863,0.4166
qwen3-4b,singlev_layers10-25_lr5e-5,19,265,0.95128,0.0457,0.4154
qwen3-4b,singlev_layers10-25_lr5e-5,20,265,0.95105,0.04649,0.4074
qwen3-4b,singlev_layers10-25_lr5e-5,21,265,0.94951,0.04898,0.4164
qwen3-4b,singlev_layers10-25_lr5e-5,22,265,0.9514,0.05418,0.4113
qwen3-4b,singlev_layers10-25_lr5e-5,23,265,0.95007,0.05265,0.4245
qwen3-4b,singlev_layers10-25_lr5e-5,24,265,0.9488,0.06026,0.4026
qwen3-4b,singlev_layers10-25_lr5e-5,25,265,0.94986,0.05546,0.4152
qwen3-4b,singlev_layers10-25_lr5e-5,10,271,0.94945,0.04515,0.4303
qwen3-4b,singlev_layers10-25_lr5e-5,11,271,0.95053,0.05111,0.4356
qwen3-4b,singlev_layers10-25_lr5e-5,12,271,0.95081,0.04577,0.436
qwen3-4b,singlev_layers10-25_lr5e-5,13,271,0.94928,0.04969,0.4349
qwen3-4b,singlev_layers10-25_lr5e-5,14,271,0.95127,0.04295,0.431
qwen3-4b,singlev_layers10-25_lr5e-5,15,271,0.94898,0.05313,0.4324
qwen3-4b,singlev_layers10-25_lr5e-5,16,271,0.94961,0.0462,0.4285
qwen3-4b,singlev_layers10-25_lr5e-5,17,271,0.95038,0.05797,0.4129
qwen3-4b,singlev_layers10-25_lr5e-5,18,271,0.95006,0.05874,0.4189
qwen3-4b,singlev_layers10-25_lr5e-5,19,271,0.95124,0.04575,0.4178
qwen3-4b,singlev_layers10-25_lr5e-5,20,271,0.95104,0.0464,0.4096
qwen3-4b,singlev_layers10-25_lr5e-5,21,271,0.94953,0.0488,0.4186
qwen3-4b,singlev_layers10-25_lr5e-5,22,271,0.95142,0.05397,0.4135
qwen3-4b,singlev_layers10-25_lr5e-5,23,271,0.95009,0.05257,0.4268
qwen3-4b,singlev_layers10-25_lr5e-5,24,271,0.9488,0.0602,0.4051
qwen3-4b,singlev_layers10-25_lr5e-5,25,271,0.94983,0.05544,0.418
qwen3-4b,singlev_layers10-25_lr5e-5,10,277,0.94944,0.0451,0.434
qwen3-4b,singlev_layers10-25_lr5e-5,11,277,0.95048,0.05115,0.4394
qwen3-4b,singlev_layers10-25_lr5e-5,12,277,0.95081,0.04563,0.4397
qwen3-4b,singlev_layers10-25_lr5e-5,13,277,0.94924,0.04998,0.4383
qwen3-4b,singlev_layers10-25_lr5e-5,14,277,0.95125,0.04288,0.4342
qwen3-4b,singlev_layers10-25_lr5e-5,15,277,0.94897,0.05309,0.4353
qwen3-4b,singlev_layers10-25_lr5e-5,16,277,0.94963,0.04617,0.4308
qwen3-4b,singlev_layers10-25_lr5e-5,17,277,0.95037,0.05805,0.4148
qwen3-4b,singlev_layers10-25_lr5e-5,18,277,0.95005,0.05884,0.4209
qwen3-4b,singlev_layers10-25_lr5e-5,19,277,0.9512,0.04581,0.42
qwen3-4b,singlev_layers10-25_lr5e-5,20,277,0.95104,0.04633,0.4117
qwen3-4b,singlev_layers10-25_lr5e-5,21,277,0.94954,0.04863,0.4206
qwen3-4b,singlev_layers10-25_lr5e-5,22,277,0.95144,0.05377,0.4154
qwen3-4b,singlev_layers10-25_lr5e-5,23,277,0.95011,0.0525,0.4289
qwen3-4b,singlev_layers10-25_lr5e-5,24,277,0.94881,0.06011,0.4075
qwen3-4b,singlev_layers10-25_lr5e-5,25,277,0.94982,0.05541,0.4206
qwen3-4b,singlev_layers10-25_lr5e-5,10,283,0.94943,0.04504,0.4375
qwen3-4b,singlev_layers10-25_lr5e-5,11,283,0.95042,0.05119,0.4432
qwen3-4b,singlev_layers10-25_lr5e-5,12,283,0.95081,0.04549,0.4432
qwen3-4b,singlev_layers10-25_lr5e-5,13,283,0.9492,0.05026,0.4415
qwen3-4b,singlev_layers10-25_lr5e-5,14,283,0.95125,0.04281,0.4372
qwen3-4b,singlev_layers10-25_lr5e-5,15,283,0.94896,0.05303,0.4382
qwen3-4b,singlev_layers10-25_lr5e-5,16,283,0.94965,0.04614,0.433
qwen3-4b,singlev_layers10-25_lr5e-5,17,283,0.95037,0.05813,0.4166
qwen3-4b,singlev_layers10-25_lr5e-5,18,283,0.95004,0.05894,0.4228
qwen3-4b,singlev_layers10-25_lr5e-5,19,283,0.95117,0.04587,0.422
qwen3-4b,singlev_layers10-25_lr5e-5,20,283,0.95103,0.04627,0.4136
qwen3-4b,singlev_layers10-25_lr5e-5,21,283,0.94956,0.04846,0.4225
qwen3-4b,singlev_layers10-25_lr5e-5,22,283,0.95146,0.05358,0.4172
qwen3-4b,singlev_layers10-25_lr5e-5,23,283,0.95013,0.05242,0.4308
qwen3-4b,singlev_layers10-25_lr5e-5,24,283,0.94883,0.06002,0.4097
qwen3-4b,singlev_layers10-25_lr5e-5,25,283,0.9498,0.05536,0.4231
qwen3-4b,singlev_layers10-25_lr5e-5,10,289,0.94942,0.04499,0.4409
qwen3-4b,singlev_layers10-25_lr5e-5,11,289,0.95037,0.05123,0.4467
qwen3-4b,singlev_layers10-25_lr5e-5,12,289,0.95081,0.04536,0.4466
qwen3-4b,singlev_layers10-25_lr5e-5,13,289,0.94917,0.05055,0.4445
qwen3-4b,singlev_layers10-25_lr5e-5,14,289,0.95123,0.04275,0.44
qwen3-4b,singlev_layers10-25_lr5e-5,15,289,0.94896,0.05298,0.4408
qwen3-4b,singlev_layers10-25_lr5e-5,16,289,0.94967,0.04611,0.4349
qwen3-4b,singlev_layers10-25_lr5e-5,17,289,0.95037,0.05821,0.4183
qwen3-4b,singlev_layers10-25_lr5e-5,18,289,0.95003,0.05903,0.4245
qwen3-4b,singlev_layers10-25_lr5e-5,19,289,0.95113,0.04593,0.4239
qwen3-4b,singlev_layers10-25_lr5e-5,20,289,0.95103,0.04622,0.4153
qwen3-4b,singlev_layers10-25_lr5e-5,21,289,0.94957,0.04829,0.4242
qwen3-4b,singlev_layers10-25_lr5e-5,22,289,0.95148,0.05338,0.4189
qwen3-4b,singlev_layers10-25_lr5e-5,23,289,0.95017,0.05233,0.4325
qwen3-4b,singlev_layers10-25_lr5e-5,24,289,0.94885,0.0599,0.4118
qwen3-4b,singlev_layers10-25_lr5e-5,25,289,0.94979,0.0553,0.4254
qwen3-4b,singlev_layers10-25_lr5e-5,10,295,0.94941,0.04494,0.4442
qwen3-4b,singlev_layers10-25_lr5e-5,11,295,0.95032,0.05128,0.4503
qwen3-4b,singlev_layers10-25_lr5e-5,12,295,0.95081,0.04523,0.4499
qwen3-4b,singlev_layers10-25_lr5e-5,13,295,0.94913,0.05084,0.4475
qwen3-4b,singlev_layers10-25_lr5e-5,14,295,0.95121,0.0427,0.4428
qwen3-4b,singlev_layers10-25_lr5e-5,15,295,0.94895,0.05295,0.4434
qwen3-4b,singlev_layers10-25_lr5e-5,16,295,0.94969,0.0461,0.4368
qwen3-4b,singlev_layers10-25_lr5e-5,17,295,0.95036,0.05826,0.4199
qwen3-4b,singlev_layers10-25_lr5e-5,18,295,0.95002,0.0591,0.4261
qwen3-4b,singlev_layers10-25_lr5e-5,19,295,0.95109,0.04598,0.4256
qwen3-4b,singlev_layers10-25_lr5e-5,20,295,0.95103,0.04617,0.4169
qwen3-4b,singlev_layers10-25_lr5e-5,21,295,0.94959,0.04811,0.4258
qwen3-4b,singlev_layers10-25_lr5e-5,22,295,0.95149,0.05319,0.4204
qwen3-4b,singlev_layers10-25_lr5e-5,23,295,0.9502,0.05223,0.4341
qwen3-4b,singlev_layers10-25_lr5e-5,24,295,0.94888,0.05979,0.4138
qwen3-4b,singlev_layers10-25_lr5e-5,25,295,0.94978,0.05524,0.4276
qwen3-4b,singlev_layers10-25_lr5e-5,10,301,0.94941,0.0449,0.4475
qwen3-4b,singlev_layers10-25_lr5e-5,11,301,0.95027,0.05132,0.4538
qwen3-4b,singlev_layers10-25_lr5e-5,12,301,0.9508,0.04512,0.4531
qwen3-4b,singlev_layers10-25_lr5e-5,13,301,0.9491,0.05112,0.4505
qwen3-4b,singlev_layers10-25_lr5e-5,14,301,0.95121,0.04267,0.4455
qwen3-4b,singlev_layers10-25_lr5e-5,15,301,0.94894,0.05294,0.4459
qwen3-4b,singlev_layers10-25_lr5e-5,16,301,0.9497,0.04611,0.4386
qwen3-4b,singlev_layers10-25_lr5e-5,17,301,0.95037,0.05832,0.4214
qwen3-4b,singlev_layers10-25_lr5e-5,18,301,0.95001,0.05918,0.4277
qwen3-4b,singlev_layers10-25_lr5e-5,19,301,0.95104,0.04603,0.4274
qwen3-4b,singlev_layers10-25_lr5e-5,20,301,0.95102,0.04614,0.4185
qwen3-4b,singlev_layers10-25_lr5e-5,21,301,0.9496,0.04794,0.4273
qwen3-4b,singlev_layers10-25_lr5e-5,22,301,0.95151,0.05299,0.4219
qwen3-4b,singlev_layers10-25_lr5e-5,23,301,0.95023,0.05213,0.4356
qwen3-4b,singlev_layers10-25_lr5e-5,24,301,0.94889,0.05967,0.4158
qwen3-4b,singlev_layers10-25_lr5e-5,25,301,0.94977,0.05519,0.4298
qwen3-4b,singlev_layers10-25_lr5e-5,10,307,0.9494,0.04487,0.4508
qwen3-4b,singlev_layers10-25_lr5e-5,11,307,0.95022,0.05138,0.4572
qwen3-4b,singlev_layers10-25_lr5e-5,12,307,0.95081,0.04502,0.4563
qwen3-4b,singlev_layers10-25_lr5e-5,13,307,0.94906,0.05139,0.4533
qwen3-4b,singlev_layers10-25_lr5e-5,14,307,0.9512,0.04264,0.4482
qwen3-4b,singlev_layers10-25_lr5e-5,15,307,0.94893,0.05292,0.4484
qwen3-4b,singlev_layers10-25_lr5e-5,16,307,0.94972,0.04612,0.4403
qwen3-4b,singlev_layers10-25_lr5e-5,17,307,0.95036,0.0584,0.4229
qwen3-4b,singlev_layers10-25_lr5e-5,18,307,0.95,0.05924,0.4292
qwen3-4b,singlev_layers10-25_lr5e-5,19,307,0.95101,0.04609,0.429
qwen3-4b,singlev_layers10-25_lr5e-5,20,307,0.95101,0.04612,0.42
qwen3-4b,singlev_layers10-25_lr5e-5,21,307,0.94961,0.04777,0.4288
qwen3-4b,singlev_layers10-25_lr5e-5,22,307,0.95152,0.05282,0.4234
qwen3-4b,singlev_layers10-25_lr5e-5,23,307,0.95026,0.05203,0.437
qwen3-4b,singlev_layers10-25_lr5e-5,24,307,0.94891,0.05956,0.4177
qwen3-4b,singlev_layers10-25_lr5e-5,25,307,0.94975,0.05514,0.4319
qwen3-4b,singlev_layers10-25_lr5e-5,10,313,0.94939,0.04484,0.4539
qwen3-4b,singlev_layers10-25_lr5e-5,11,313,0.95017,0.05145,0.4604
qwen3-4b,singlev_layers10-25_lr5e-5,12,313,0.95079,0.04492,0.4593
qwen3-4b,singlev_layers10-25_lr5e-5,13,313,0.94904,0.05166,0.4561
qwen3-4b,singlev_layers10-25_lr5e-5,14,313,0.95119,0.04261,0.4507
qwen3-4b,singlev_layers10-25_lr5e-5,15,313,0.94893,0.0529,0.4507
qwen3-4b,singlev_layers10-25_lr5e-5,16,313,0.94973,0.04613,0.4419
qwen3-4b,singlev_layers10-25_lr5e-5,17,313,0.95035,0.05846,0.4242
qwen3-4b,singlev_layers10-25_lr5e-5,18,313,0.94999,0.05931,0.4306
qwen3-4b,singlev_layers10-25_lr5e-5,19,313,0.95097,0.04613,0.4305
qwen3-4b,singlev_layers10-25_lr5e-5,20,313,0.95102,0.04609,0.4214
qwen3-4b,singlev_layers10-25_lr5e-5,21,313,0.94963,0.0476,0.4301
qwen3-4b,singlev_layers10-25_lr5e-5,22,313,0.95153,0.05265,0.4247
qwen3-4b,singlev_layers10-25_lr5e-5,23,313,0.9503,0.05193,0.4384
qwen3-4b,singlev_layers10-25_lr5e-5,24,313,0.94893,0.05945,0.4195
qwen3-4b,singlev_layers10-25_lr5e-5,25,313,0.94974,0.05508,0.4339
qwen3-4b,singlev_layers10-25_lr5e-5,10,319,0.94938,0.04482,0.4569
qwen3-4b,singlev_layers10-25_lr5e-5,11,319,0.95011,0.0515,0.4635
qwen3-4b,singlev_layers10-25_lr5e-5,12,319,0.95079,0.04483,0.4622
qwen3-4b,singlev_layers10-25_lr5e-5,13,319,0.94901,0.05193,0.4586
qwen3-4b,singlev_layers10-25_lr5e-5,14,319,0.95119,0.04258,0.4531
qwen3-4b,singlev_layers10-25_lr5e-5,15,319,0.94893,0.05287,0.4529
qwen3-4b,singlev_layers10-25_lr5e-5,16,319,0.94975,0.04614,0.4434
qwen3-4b,singlev_layers10-25_lr5e-5,17,319,0.95035,0.05852,0.4255
qwen3-4b,singlev_layers10-25_lr5e-5,18,319,0.94998,0.05938,0.4319
qwen3-4b,singlev_layers10-25_lr5e-5,19,319,0.95094,0.04619,0.4319
qwen3-4b,singlev_layers10-25_lr5e-5,20,319,0.951,0.04607,0.4227
qwen3-4b,singlev_layers10-25_lr5e-5,21,319,0.94964,0.04744,0.4313
qwen3-4b,singlev_layers10-25_lr5e-5,22,319,0.95156,0.05248,0.4259
qwen3-4b,singlev_layers10-25_lr5e-5,23,319,0.95032,0.05182,0.4396
qwen3-4b,singlev_layers10-25_lr5e-5,24,319,0.94894,0.05934,0.4212
qwen3-4b,singlev_layers10-25_lr5e-5,25,319,0.94973,0.055,0.4358
qwen3-4b,singlev_layers10-25_lr5e-5,10,325,0.94937,0.04479,0.4597
qwen3-4b,singlev_layers10-25_lr5e-5,11,325,0.95007,0.05154,0.4665
qwen3-4b,singlev_layers10-25_lr5e-5,12,325,0.95079,0.04475,0.4649
qwen3-4b,singlev_layers10-25_lr5e-5,13,325,0.94898,0.0522,0.4611
qwen3-4b,singlev_layers10-25_lr5e-5,14,325,0.95118,0.04255,0.4554
qwen3-4b,singlev_layers10-25_lr5e-5,15,325,0.94892,0.05284,0.455
qwen3-4b,singlev_layers10-25_lr5e-5,16,325,0.94977,0.04617,0.4448
qwen3-4b,singlev_layers10-25_lr5e-5,17,325,0.95035,0.05857,0.4267
qwen3-4b,singlev_layers10-25_lr5e-5,18,325,0.94997,0.05945,0.4331
qwen3-4b,singlev_layers10-25_lr5e-5,19,325,0.9509,0.04624,0.4332
qwen3-4b,singlev_layers10-25_lr5e-5,20,325,0.95101,0.04604,0.4239
qwen3-4b,singlev_layers10-25_lr5e-5,21,325,0.94965,0.04727,0.4325
qwen3-4b,singlev_layers10-25_lr5e-5,22,325,0.95157,0.0523,0.427
qwen3-4b,singlev_layers10-25_lr5e-5,23,325,0.95036,0.0517,0.4407
qwen3-4b,singlev_layers10-25_lr5e-5,24,325,0.94896,0.0592,0.4228
qwen3-4b,singlev_layers10-25_lr5e-5,25,325,0.94971,0.05492,0.4376
qwen3-4b,singlev_layers10-25_lr5e-5,10,331,0.94936,0.04477,0.4626
qwen3-4b,singlev_layers10-25_lr5e-5,11,331,0.95002,0.05159,0.4695
qwen3-4b,singlev_layers10-25_lr5e-5,12,331,0.95079,0.04468,0.4677
qwen3-4b,singlev_layers10-25_lr5e-5,13,331,0.94895,0.05247,0.4635
qwen3-4b,singlev_layers10-25_lr5e-5,14,331,0.95117,0.04253,0.4577
qwen3-4b,singlev_layers10-25_lr5e-5,15,331,0.94892,0.05282,0.4571
qwen3-4b,singlev_layers10-25_lr5e-5,16,331,0.94978,0.04621,0.4462
qwen3-4b,singlev_layers10-25_lr5e-5,17,331,0.95034,0.05863,0.4279
qwen3-4b,singlev_layers10-25_lr5e-5,18,331,0.94996,0.05953,0.4342
qwen3-4b,singlev_layers10-25_lr5e-5,19,331,0.95087,0.0463,0.4345
qwen3-4b,singlev_layers10-25_lr5e-5,20,331,0.951,0.04602,0.4251
qwen3-4b,singlev_layers10-25_lr5e-5,21,331,0.94966,0.0471,0.4336
qwen3-4b,singlev_layers10-25_lr5e-5,22,331,0.95158,0.05214,0.4281
qwen3-4b,singlev_layers10-25_lr5e-5,23,331,0.95039,0.05159,0.4418
qwen3-4b,singlev_layers10-25_lr5e-5,24,331,0.94898,0.05906,0.4245
qwen3-4b,singlev_layers10-25_lr5e-5,25,331,0.94969,0.05485,0.4395
qwen3-4b,singlev_layers10-25_lr5e-5,10,337,0.94937,0.04474,0.4654
qwen3-4b,singlev_layers10-25_lr5e-5,11,337,0.94997,0.05164,0.4724
qwen3-4b,singlev_layers10-25_lr5e-5,12,337,0.95078,0.04463,0.4703
qwen3-4b,singlev_layers10-25_lr5e-5,13,337,0.94892,0.05275,0.4659
qwen3-4b,singlev_layers10-25_lr5e-5,14,337,0.95116,0.04252,0.4598
qwen3-4b,singlev_layers10-25_lr5e-5,15,337,0.94892,0.0528,0.4591
qwen3-4b,singlev_layers10-25_lr5e-5,16,337,0.94979,0.04625,0.4475
qwen3-4b,singlev_layers10-25_lr5e-5,17,337,0.95034,0.05868,0.429
qwen3-4b,singlev_layers10-25_lr5e-5,18,337,0.94995,0.0596,0.4353
qwen3-4b,singlev_layers10-25_lr5e-5,19,337,0.95084,0.04636,0.4357
qwen3-4b,singlev_layers10-25_lr5e-5,20,337,0.951,0.04599,0.4262
qwen3-4b,singlev_layers10-25_lr5e-5,21,337,0.94968,0.04693,0.4347
qwen3-4b,singlev_layers10-25_lr5e-5,22,337,0.9516,0.05198,0.4292
qwen3-4b,singlev_layers10-25_lr5e-5,23,337,0.95042,0.05148,0.4428
qwen3-4b,singlev_layers10-25_lr5e-5,24,337,0.949,0.05893,0.4261
qwen3-4b,singlev_layers10-25_lr5e-5,25,337,0.94968,0.05478,0.4412
qwen3-4b,singlev_layers10-25_lr5e-5,10,343,0.94936,0.04473,0.4681
qwen3-4b,singlev_layers10-25_lr5e-5,11,343,0.94993,0.05168,0.4751
qwen3-4b,singlev_layers10-25_lr5e-5,12,343,0.95079,0.04456,0.4728
qwen3-4b,singlev_layers10-25_lr5e-5,13,343,0.9489,0.05301,0.4682
qwen3-4b,singlev_layers10-25_lr5e-5,14,343,0.95116,0.04251,0.4619
qwen3-4b,singlev_layers10-25_lr5e-5,15,343,0.94892,0.05278,0.461
qwen3-4b,singlev_layers10-25_lr5e-5,16,343,0.94981,0.04629,0.4487
qwen3-4b,singlev_layers10-25_lr5e-5,17,343,0.95034,0.05873,0.43
qwen3-4b,singlev_layers10-25_lr5e-5,18,343,0.94994,0.05967,0.4363
qwen3-4b,singlev_layers10-25_lr5e-5,19,343,0.9508,0.04641,0.4369
qwen3-4b,singlev_layers10-25_lr5e-5,20,343,0.951,0.04597,0.4273
qwen3-4b,singlev_layers10-25_lr5e-5,21,343,0.94969,0.04676,0.4357
qwen3-4b,singlev_layers10-25_lr5e-5,22,343,0.9516,0.05182,0.4302
qwen3-4b,singlev_layers10-25_lr5e-5,23,343,0.95045,0.05137,0.4438
qwen3-4b,singlev_layers10-25_lr5e-5,24,343,0.94902,0.0588,0.4276
qwen3-4b,singlev_layers10-25_lr5e-5,25,343,0.94966,0.0547,0.4429
qwen3-4b,singlev_layers10-25_lr5e-5,10,349,0.94935,0.0447,0.4708
qwen3-4b,singlev_layers10-25_lr5e-5,11,349,0.94988,0.05171,0.4779
qwen3-4b,singlev_layers10-25_lr5e-5,12,349,0.95078,0.04449,0.4754
qwen3-4b,singlev_layers10-25_lr5e-5,13,349,0.94887,0.05326,0.4704
qwen3-4b,singlev_layers10-25_lr5e-5,14,349,0.95115,0.04249,0.464
qwen3-4b,singlev_layers10-25_lr5e-5,15,349,0.94891,0.05275,0.4629
qwen3-4b,singlev_layers10-25_lr5e-5,16,349,0.94982,0.04633,0.4499
qwen3-4b,singlev_layers10-25_lr5e-5,17,349,0.95033,0.05879,0.4311
qwen3-4b,singlev_layers10-25_lr5e-5,18,349,0.94993,0.05973,0.4374
qwen3-4b,singlev_layers10-25_lr5e-5,19,349,0.95077,0.04647,0.438
qwen3-4b,singlev_layers10-25_lr5e-5,20,349,0.951,0.04596,0.4284
qwen3-4b,singlev_layers10-25_lr5e-5,21,349,0.9497,0.0466,0.4367
qwen3-4b,singlev_layers10-25_lr5e-5,22,349,0.95162,0.05166,0.4312
qwen3-4b,singlev_layers10-25_lr5e-5,23,349,0.95048,0.05126,0.4447
qwen3-4b,singlev_layers10-25_lr5e-5,24,349,0.94903,0.05867,0.4292
qwen3-4b,singlev_layers10-25_lr5e-5,25,349,0.94964,0.05461,0.4446
qwen3-4b,singlev_layers10-25_lr5e-5,10,355,0.94934,0.04466,0.4735
qwen3-4b,singlev_layers10-25_lr5e-5,11,355,0.94984,0.05174,0.4806
qwen3-4b,singlev_layers10-25_lr5e-5,12,355,0.95077,0.04443,0.4779
qwen3-4b,singlev_layers10-25_lr5e-5,13,355,0.94884,0.0535,0.4727
qwen3-4b,singlev_layers10-25_lr5e-5,14,355,0.95116,0.04249,0.4661
qwen3-4b,singlev_layers10-25_lr5e-5,15,355,0.94891,0.05272,0.4648
qwen3-4b,singlev_layers10-25_lr5e-5,16,355,0.94984,0.04637,0.4512
qwen3-4b,singlev_layers10-25_lr5e-5,17,355,0.95033,0.05884,0.4322
qwen3-4b,singlev_layers10-25_lr5e-5,18,355,0.94991,0.0598,0.4384
qwen3-4b,singlev_layers10-25_lr5e-5,19,355,0.95074,0.04652,0.4391
qwen3-4b,singlev_layers10-25_lr5e-5,20,355,0.951,0.04595,0.4295
qwen3-4b,singlev_layers10-25_lr5e-5,21,355,0.9497,0.04644,0.4377
qwen3-4b,singlev_layers10-25_lr5e-5,22,355,0.95162,0.05149,0.4322
qwen3-4b,singlev_layers10-25_lr5e-5,23,355,0.95051,0.05115,0.4457
qwen3-4b,singlev_layers10-25_lr5e-5,24,355,0.94905,0.05854,0.4307
qwen3-4b,singlev_layers10-25_lr5e-5,25,355,0.94963,0.05453,0.4463
qwen3-4b,singlev_layers10-25_lr5e-5,10,361,0.94934,0.04462,0.4762
qwen3-4b,singlev_layers10-25_lr5e-5,11,361,0.94979,0.05179,0.4835
qwen3-4b,singlev_layers10-25_lr5e-5,12,361,0.95078,0.04437,0.4805
qwen3-4b,singlev_layers10-25_lr5e-5,13,361,0.94882,0.05373,0.475
qwen3-4b,singlev_layers10-25_lr5e-5,14,361,0.95115,0.0425,0.4682
qwen3-4b,singlev_layers10-25_lr5e-5,15,361,0.94891,0.05269,0.4668
qwen3-4b,singlev_layers10-25_lr5e-5,16,361,0.94986,0.0464,0.4524
qwen3-4b,singlev_layers10-25_lr5e-5,17,361,0.95033,0.0589,0.4333
qwen3-4b,singlev_layers10-25_lr5e-5,18,361,0.9499,0.05986,0.4395
qwen3-4b,singlev_layers10-25_lr5e-5,19,361,0.95071,0.04658,0.4403
qwen3-4b,singlev_layers10-25_lr5e-5,20,361,0.95099,0.04595,0.4306
qwen3-4b,singlev_layers10-25_lr5e-5,21,361,0.94972,0.04628,0.4388
qwen3-4b,singlev_layers10-25_lr5e-5,22,361,0.95164,0.05133,0.4332
qwen3-4b,singlev_layers10-25_lr5e-5,23,361,0.95053,0.05103,0.4467
qwen3-4b,singlev_layers10-25_lr5e-5,24,361,0.94907,0.05842,0.4323
qwen3-4b,singlev_layers10-25_lr5e-5,25,361,0.94961,0.05446,0.4481
qwen3-4b,singlev_layers10-25_lr5e-5,10,367,0.94933,0.04459,0.4787
qwen3-4b,singlev_layers10-25_lr5e-5,11,367,0.94974,0.05183,0.4861
qwen3-4b,singlev_layers10-25_lr5e-5,12,367,0.95077,0.04432,0.4829
qwen3-4b,singlev_layers10-25_lr5e-5,13,367,0.9488,0.05396,0.4771
qwen3-4b,singlev_layers10-25_lr5e-5,14,367,0.95115,0.04251,0.4701
qwen3-4b,singlev_layers10-25_lr5e-5,15,367,0.94891,0.05266,0.4686
qwen3-4b,singlev_layers10-25_lr5e-5,16,367,0.94987,0.04644,0.4535
qwen3-4b,singlev_layers10-25_lr5e-5,17,367,0.95032,0.05895,0.4342
qwen3-4b,singlev_layers10-25_lr5e-5,18,367,0.94989,0.05993,0.4404
qwen3-4b,singlev_layers10-25_lr5e-5,19,367,0.95068,0.04664,0.4413
qwen3-4b,singlev_layers10-25_lr5e-5,20,367,0.95099,0.04595,0.4316
qwen3-4b,singlev_layers10-25_lr5e-5,21,367,0.94972,0.04613,0.4397
qwen3-4b,singlev_layers10-25_lr5e-5,22,367,0.95165,0.05118,0.4341
qwen3-4b,singlev_layers10-25_lr5e-5,23,367,0.95056,0.05092,0.4475
qwen3-4b,singlev_layers10-25_lr5e-5,24,367,0.94909,0.05831,0.4338
qwen3-4b,singlev_layers10-25_lr5e-5,25,367,0.9496,0.05439,0.4497
qwen3-4b,singlev_layers10-25_lr5e-5,10,373,0.94932,0.04457,0.4812
qwen3-4b,singlev_layers10-25_lr5e-5,11,373,0.9497,0.05185,0.4887
qwen3-4b,singlev_layers10-25_lr5e-5,12,373,0.95078,0.04428,0.4852
qwen3-4b,singlev_layers10-25_lr5e-5,13,373,0.94878,0.05419,0.4792
qwen3-4b,singlev_layers10-25_lr5e-5,14,373,0.95115,0.04253,0.472
qwen3-4b,singlev_layers10-25_lr5e-5,15,373,0.94891,0.05264,0.4703
qwen3-4b,singlev_layers10-25_lr5e-5,16,373,0.94989,0.04647,0.4546
qwen3-4b,singlev_layers10-25_lr5e-5,17,373,0.95032,0.059,0.4352
qwen3-4b,singlev_layers10-25_lr5e-5,18,373,0.94988,0.06,0.4414
qwen3-4b,singlev_layers10-25_lr5e-5,19,373,0.95065,0.04669,0.4423
qwen3-4b,singlev_layers10-25_lr5e-5,20,373,0.95098,0.04595,0.4326
qwen3-4b,singlev_layers10-25_lr5e-5,21,373,0.94973,0.04597,0.4406
qwen3-4b,singlev_layers10-25_lr5e-5,22,373,0.95165,0.05103,0.4351
qwen3-4b,singlev_layers10-25_lr5e-5,23,373,0.95059,0.0508,0.4484
qwen3-4b,singlev_layers10-25_lr5e-5,24,373,0.94912,0.05818,0.4353
qwen3-4b,singlev_layers10-25_lr5e-5,25,373,0.94959,0.05433,0.4514
qwen3-4b,singlev_layers10-25_lr5e-5,10,379,0.94932,0.04455,0.4836
qwen3-4b,singlev_layers10-25_lr5e-5,11,379,0.94966,0.05188,0.4911
qwen3-4b,singlev_layers10-25_lr5e-5,12,379,0.95077,0.04423,0.4875
qwen3-4b,singlev_layers10-25_lr5e-5,13,379,0.94877,0.05442,0.4812
qwen3-4b,singlev_layers10-25_lr5e-5,14,379,0.95114,0.04253,0.4739
qwen3-4b,singlev_layers10-25_lr5e-5,15,379,0.94891,0.05261,0.472
qwen3-4b,singlev_layers10-25_lr5e-5,16,379,0.9499,0.04651,0.4556
qwen3-4b,singlev_layers10-25_lr5e-5,17,379,0.95031,0.05904,0.4361
qwen3-4b,singlev_layers10-25_lr5e-5,18,379,0.94987,0.06007,0.4422
qwen3-4b,singlev_layers10-25_lr5e-5,19,379,0.95063,0.04673,0.4433
qwen3-4b,singlev_layers10-25_lr5e-5,20,379,0.95098,0.04593,0.4336
qwen3-4b,singlev_layers10-25_lr5e-5,21,379,0.94975,0.04581,0.4415
qwen3-4b,singlev_layers10-25_lr5e-5,22,379,0.95166,0.05088,0.436
qwen3-4b,singlev_layers10-25_lr5e-5,23,379,0.95062,0.05068,0.4493
qwen3-4b,singlev_layers10-25_lr5e-5,24,379,0.94914,0.05806,0.4368
qwen3-4b,singlev_layers10-25_lr5e-5,25,379,0.94958,0.05426,0.4531
qwen3-4b,singlev_layers10-25_lr5e-5,10,385,0.9493,0.04454,0.486
qwen3-4b,singlev_layers10-25_lr5e-5,11,385,0.94961,0.05189,0.4935
qwen3-4b,singlev_layers10-25_lr5e-5,12,385,0.95077,0.04419,0.4897
qwen3-4b,singlev_layers10-25_lr5e-5,13,385,0.94875,0.05463,0.4831
qwen3-4b,singlev_layers10-25_lr5e-5,14,385,0.95114,0.04254,0.4756
qwen3-4b,singlev_layers10-25_lr5e-5,15,385,0.94891,0.05258,0.4736
qwen3-4b,singlev_layers10-25_lr5e-5,16,385,0.94992,0.04654,0.4566
qwen3-4b,singlev_layers10-25_lr5e-5,17,385,0.95031,0.05909,0.437
qwen3-4b,singlev_layers10-25_lr5e-5,18,385,0.94986,0.06013,0.4431
qwen3-4b,singlev_layers10-25_lr5e-5,19,385,0.9506,0.04677,0.4442
qwen3-4b,singlev_layers10-25_lr5e-5,20,385,0.95098,0.04593,0.4346
qwen3-4b,singlev_layers10-25_lr5e-5,21,385,0.94976,0.04566,0.4424
qwen3-4b,singlev_layers10-25_lr5e-5,22,385,0.95167,0.05073,0.4368
qwen3-4b,singlev_layers10-25_lr5e-5,23,385,0.95064,0.05057,0.4501
qwen3-4b,singlev_layers10-25_lr5e-5,24,385,0.94917,0.05794,0.4382
qwen3-4b,singlev_layers10-25_lr5e-5,25,385,0.94957,0.05419,0.4547
qwen3-4b,singlev_layers10-25_lr5e-5,10,391,0.9493,0.04452,0.4883
qwen3-4b,singlev_layers10-25_lr5e-5,11,391,0.94958,0.05191,0.4958
qwen3-4b,singlev_layers10-25_lr5e-5,12,391,0.95076,0.04415,0.4918
qwen3-4b,singlev_layers10-25_lr5e-5,13,391,0.94873,0.05483,0.485
qwen3-4b,singlev_layers10-25_lr5e-5,14,391,0.95114,0.04255,0.4773
qwen3-4b,singlev_layers10-25_lr5e-5,15,391,0.94891,0.05256,0.4752
qwen3-4b,singlev_layers10-25_lr5e-5,16,391,0.94994,0.04657,0.4575
qwen3-4b,singlev_layers10-25_lr5e-5,17,391,0.9503,0.05915,0.4379
qwen3-4b,singlev_layers10-25_lr5e-5,18,391,0.94985,0.06019,0.4439
qwen3-4b,singlev_layers10-25_lr5e-5,19,391,0.95057,0.04683,0.4451
qwen3-4b,singlev_layers10-25_lr5e-5,20,391,0.95098,0.04593,0.4355
qwen3-4b,singlev_layers10-25_lr5e-5,21,391,0.94977,0.0455,0.4433
qwen3-4b,singlev_layers10-25_lr5e-5,22,391,0.95168,0.05059,0.4377
qwen3-4b,singlev_layers10-25_lr5e-5,23,391,0.95067,0.05047,0.4509
qwen3-4b,singlev_layers10-25_lr5e-5,24,391,0.94919,0.05782,0.4397
qwen3-4b,singlev_layers10-25_lr5e-5,25,391,0.94957,0.05411,0.4563
qwen3-4b,singlev_layers10-25_lr5e-5,10,397,0.94929,0.0445,0.4906
qwen3-4b,singlev_layers10-25_lr5e-5,11,397,0.94953,0.05194,0.4981
qwen3-4b,singlev_layers10-25_lr5e-5,12,397,0.95076,0.0441,0.4938
qwen3-4b,singlev_layers10-25_lr5e-5,13,397,0.94871,0.05503,0.4868
qwen3-4b,singlev_layers10-25_lr5e-5,14,397,0.95113,0.04256,0.479
qwen3-4b,singlev_layers10-25_lr5e-5,15,397,0.94891,0.05253,0.4767
qwen3-4b,singlev_layers10-25_lr5e-5,16,397,0.94995,0.0466,0.4584
qwen3-4b,singlev_layers10-25_lr5e-5,17,397,0.9503,0.0592,0.4387
qwen3-4b,singlev_layers10-25_lr5e-5,18,397,0.94984,0.06025,0.4447
qwen3-4b,singlev_layers10-25_lr5e-5,19,397,0.95055,0.04689,0.446
qwen3-4b,singlev_layers10-25_lr5e-5,20,397,0.95098,0.04594,0.4364
qwen3-4b,singlev_layers10-25_lr5e-5,21,397,0.94978,0.04535,0.4441
qwen3-4b,singlev_layers10-25_lr5e-5,22,397,0.95168,0.05045,0.4386
qwen3-4b,singlev_layers10-25_lr5e-5,23,397,0.95069,0.05036,0.4517
qwen3-4b,singlev_layers10-25_lr5e-5,24,397,0.94922,0.05771,0.4411
qwen3-4b,singlev_layers10-25_lr5e-5,25,397,0.94956,0.05403,0.4579
